,,,,,,,,,,,,,,,,,,
,,,,,,,,,,,,,,,,,,
觀光旅館營運月報表單月-彙整表 (Monthly Report on Tourist Hotel Operations in Taiwan),,,,,,,,,,,,,,,,,,
列印日期：,,2017/12/4,,資料期間：,,2017年6月至2017年6月(Data for 2017/6∼2017/6),,,,,,,,,,,,
,,住用及營收概況,,,,,,各部門職工概況(No. of Employees),,,,,,,,,,
地區名稱,,客房住用數,住用率,平均房價,房租收入,餐飲收入,總營業收入,客房部,餐飲部,管理部,其他部門,員工合計,,,,,,
Region,,No. of Rooms Occupied,Occupancy Rate,Average Room Rate,Room Revenue,F & B Revenue,Total Revenue,Room Dep.,F&B Dep.,Adm. Dep.,Other Dep.,Total,,,,,,
臺北地區 Taipei,國際Internation,"186,937",70.08%,"4,499","840,981,133","970,365,542","2,074,400,992","2,935","5,251","1,815",892,"10,893",,,,,,
臺北地區 Taipei,一般Standard,"53,059",71.32%,"3,352","177,873,393","170,884,848","399,109,657",728,"1,016",398,253,"2,395",,,,,,
臺北地區 Taipei,小計SubTotal,"239,996",70.35%,"4,245","1,018,854,526","1,141,250,390","2,473,510,649","3,663","6,267","2,213","1,145","13,288",,,,,,
高雄地區 Kaohsiung,國際Internation,"54,673",63.08%,"2,320","126,814,520","174,086,146","336,877,917",809,"1,217",312,355,"2,693",,,,,,
高雄地區 Kaohsiung,一般Standard,"3,990",53.20%,"1,708","6,813,397","3,304,723","10,150,601",41,34,8,8,91,,,,,,
高雄地區 Kaohsiung,小計SubTotal,"58,663",62.29%,"2,278","133,627,917","177,390,869","347,028,518",850,"1,251",320,363,"2,784",,,,,,
臺中地區 Taichung,國際Internation,"22,348",65.52%,"2,366","52,865,557","65,969,021","141,641,718",395,533,182,143,"1,253",,,,,,
臺中地區 Taichung,一般Standard,"7,315",69.87%,"2,330","17,041,687","29,568,660","51,333,747",113,183,37,42,375,,,,,,
臺中地區 Taichung,小計SubTotal,"29,663",66.54%,"2,357","69,907,244","95,537,681","192,975,465",508,716,219,185,"1,628",,,,,,
花蓮地區 Hualien,國際Internation,"18,973",46.57%,"2,240","42,494,940","37,218,176","85,904,188",218,314,116,206,854,,,,,,
花蓮地區 Hualien,小計SubTotal,"18,973",46.57%,"2,240","42,494,940","37,218,176","85,904,188",218,314,116,206,854,,,,,,
風景區 Scenic Area,國際Internation,"40,238",62.76%,"5,107","205,486,669","100,620,739","335,612,210",689,784,279,580,"2,332",,,,,,
風景區 Scenic Area,一般Standard,"6,184",24.57%,"3,824","23,649,285","16,831,086","49,987,019",133,128,68,45,374,,,,,,
風景區 Scenic Area,小計SubTotal,"46,422",52.00%,"4,936","229,135,954","117,451,825","385,599,229",822,912,347,625,"2,706",,,,,,
桃竹苗地區 TauHsiuMiao,國際Internation,"41,938",71.58%,"2,924","122,635,393","115,637,270","271,073,873",467,855,257,201,"1,780",,,,,,
桃竹苗地區 TauHsiuMiao,一般Standard,"22,980",55.03%,"2,614","60,070,851","38,282,665","105,311,523",252,355,77,79,763,,,,,,
桃竹苗地區 TauHsiuMiao,小計SubTotal,"64,918",64.69%,"2,814","182,706,244","153,919,935","376,385,396",719,"1,210",334,280,"2,543",,,,,,
其他地區 Other,國際Internation,"56,498",56.62%,"3,681","207,954,584","195,817,721","451,862,870",884,"1,460",624,416,"3,384",,,,,,
其他地區 Other,一般Standard,"18,588",47.19%,"2,365","43,953,276","27,742,497","78,552,146",278,271,138,43,730,,,,,,
其他地區 Other,小計SubTotal,"75,086",53.95%,"3,355","251,907,860","223,560,218","530,415,016","1,162","1,731",762,459,"4,114",,,,,,
,總計 Total,"533,721",62.83%,3614,"1,928,634,685","1,946,329,094","4,391,818,461","7,942","12,401","4,311","3,263","27,917",,,,,,
,,,,,,,,,,,,,,,,,,
類別,客房數,客房住用數,住用率,平均房價,房租收入,餐飲收入,總營業收入,客房部,餐飲部,管理部,其他部門,員工合計,,,,,,
Kind,No. of Rooms,No. of Rooms Occupied,Occupancy Rate,Average Room Rate,Room Revenue,F & B Revenue,Total Revenue,Room Dep.,F&B Dep.,Adm. Dep.,Other Dep.,Total,,,,,,
國際Internation,"21,691","421,605",64.79%,3793,"1,599,232,796","1,659,714,615","3,697,373,768","6,397","10,414","3,585","2,793","23,189",,,,,,
一般Standard,"6,623","112,116",56.43%,2938,"329,401,889","286,614,479","694,444,693","1,545","1,987",726,470,"4,728",,,,,,
小計SubTotal,"28,314","533,721",62.83%,3614,"1,928,634,685","1,946,329,094","4,391,818,461","7,942","12,401","4,311","3,263","27,917",,,,,,
,,,,,,,,,,,,,,,,,,
觀光旅館營運月報表單月-彙整表 (Monthly Report on Tourist Hotel Operations in Taiwan),,,,,,,,,,,,,,,,,,
列印日期：,2017/12/4,臺北地區 Taipei,,資料期間：,,2017年6月至2017年6月(Data for 2017/6∼2017/6),,,,,,,,,,,,
,住用及營收概況,,,,,各部門職工概況(No. of Employees),,,,,,,,,,,,
旅館名稱,客房數,客房住用數,住用率,平均房價,房租收入,餐飲收入,總營業收入,客房部,餐飲部,管理部,其他部門,員工合計,,,,,,
Hotel Name,No. of Rooms,No. of Rooms Occupied,Occupancy Rate,Average Room Rate,Room Revenue,F & B Revenue,Total Revenue,Room Dep.,F&B Dep.,Adm. Dep.,Other Dep.,Total,,,,,,
圓山大飯店,500,"9,152",61.01%,"3,923","35,906,064","49,001,155","97,851,489",119,252,131,52,554,,,,,,
The Grand Hotel,,,,,,,,,,,,,,,,,,
國賓大飯店,422,"10,132",80.03%,"3,878","39,291,474","75,220,410","122,447,690",142,362,43,66,613,,,,,,
The Ambassador Hotel,,,,,,,,,,,,,,,,,,
台北華國大飯店,326,"7,871",80.48%,"3,093","24,342,312","7,956,644","34,650,528",83,76,4,48,211,,,,,,
Imperial Hotel Taipei,,,,,,,,,,,,,,,,,,
華泰王子大飯店,216,"5,452",84.14%,"2,854","15,559,472","10,019,189","27,731,428",74,94,76,11,255,,,,,,
Gloria Prince Hotel,,,,,,,,,,,,,,,,,,
國王大飯店,98,"1,899",64.59%,"1,571","2,983,714","787,866","3,866,719",34,14,22,0,70,,,,,,
Emperor Hotel,,,,,,,,,,,,,,,,,,
豪景大酒店,210,"3,989",63.32%,"2,174","8,673,498","877,874","9,823,420",48,18,14,0,80,,,,,,
Hotel Riverview Taipei,,,,,,,,,,,,,,,,,,
台北凱撒大飯店,478,"12,108",84.44%,"3,425","41,467,250","22,323,449","68,788,841",119,113,23,49,304,,,,,,
Caesar Park Taipei,,,,,,,,,,,,,,,,,,
康華大飯店,215,"4,093",63.46%,"2,631","10,768,665","10,593,243","22,293,573",56,80,40,0,176,,,,,,
Golden China Hotel,,,,,,,,,,,,,,,,,,
神旺大飯店,268,"7,706",95.85%,"2,519","19,407,922","25,761,564","49,036,316",82,220,66,0,368,,,,,,
San Want Hotel,,,,,,,,,,,,,,,,,,
兄弟大飯店,250,"4,181",55.75%,"3,422","14,307,902","38,183,381","56,467,078",110,295,72,13,490,,,,,,
Brother Hotel,,,,,,,,,,,,,,,,,,
三德大飯店,286,"7,224",84.20%,"1,994","14,406,187","8,599,237","27,643,624",61,76,7,44,188,,,,,,
Santos Hotel,,,,,,,,,,,,,,,,,,
亞都麗緻大飯店,209,"3,046",48.58%,"4,241","12,917,502","9,698,194","27,524,375",77,118,44,47,286,,,,,,
The Landis Taipei Hotel,,,,,,,,,,,,,,,,,,
國聯大飯店,243,"4,918",67.46%,"2,157","10,610,010","1,705,974","13,647,780",68,26,6,40,140,,,,,,
United Hotel,,,,,,,,,,,,,,,,,,
台北寒舍喜來登大飯店,688,"13,628",66.03%,"5,325","72,563,264","82,362,724","171,951,874",201,418,257,31,907,,,,,,
Sheraton Grand Taipei Hotel,,,,,,,,,,,,,,,,,,
老爺大酒店,202,"5,512",90.96%,"4,609","25,404,682","20,837,680","53,179,659",78,148,25,46,297,,,,,,
Hotel Royal-Nikko Taipei,,,,,,,,,,,,,,,,,,
福華大飯店,606,"10,924",60.09%,"3,999","43,682,000","40,348,000","101,800,000",213,289,76,77,655,,,,,,
Howard Plaza Hotel,,,,,,,,,,,,,,,,,,
台北君悅酒店,853,"17,766",69.43%,"6,202","110,189,199","91,778,725","227,580,008",133,349,169,75,726,,,,,,
Grand Hyatt Taipei,,,,,,,,,,,,,,,,,,
晶華酒店,538,"11,913",73.81%,"5,554","66,168,428","122,060,937","243,055,637",288,593,180,22,"1,083",,,,,,
Regent Taipei,,,,,,,,,,,,,,,,,,
西華大飯店,343,"6,169",59.95%,"4,579","28,246,837","19,255,847","54,134,182",130,216,49,82,477,,,,,,
The Sherwood Hotel Taipei,,,,,,,,,,,,,,,,,,
台北萬豪酒店,318,"5,466",57.30%,"5,855","32,001,706","51,847,596","105,053,034",142,292,85,0,519,,,,,,
Taipei Marriott Hotel,,,,,,,,,,,,,,,,,,
台北美福大飯店,146,"1,984",45.30%,"6,200","12,300,282","30,485,193","46,743,550",53,237,75,16,381,,,,,,
Grand Mayfull Hotel Taipei,,,,,,,,,,,,,,,,,,
香格里拉台北遠東國際大飯店,420,"8,303",65.90%,"5,782","48,010,901","64,921,318","129,568,297",146,226,65,75,512,,,,,,
"Shangri-La's Far Eastern Plaza Hotel, Taipei",,,,,,,,,,,,,,,,,,
台北威斯汀六福皇宮,288,"5,003",57.91%,"6,147","30,752,077","63,965,585","103,928,908",135,286,154,0,575,,,,,,
The Westin Taipei,,,,,,,,,,,,,,,,,,
美麗信花園酒店,203,"5,438",89.29%,"2,376","12,919,187","6,239,073","25,602,248",83,66,32,0,181,,,,,,
Miramar Garden Taipei,,,,,,,,,,,,,,,,,,
台北寒舍艾美酒店,160,"3,984",83.00%,"8,137","32,419,006","61,506,775","103,992,246",84,190,0,98,372,,,,,,
Le Meridien Taipei Hotel,,,,,,,,,,,,,,,,,,
台北W飯店,405,"9,076",74.70%,"8,339","75,681,592","54,027,909","146,038,488",176,197,100,0,473,,,,,,
W Taipei,,,,,,,,,,,,,,,,,,
亞士都飯店,40,456,38.00%,"2,790","1,272,313",0,"1,272,313",14,0,7,0,21,,,,,,
Astar Hotel,,,,,,,,,,,,,,,,,,
第一大飯店,176,"3,326",62.99%,"1,731","5,756,595","3,585,316","27,099,712",13,0,19,11,43,,,,,,
First Hotel,,,,,,,,,,,,,,,,,,
六福客棧,226,"5,254",77.49%,"1,601","8,411,215","7,659,289","16,740,865",39,72,9,12,132,,,,,,
The Leofoo Hotel,,,,,,,,,,,,,,,,,,
帝后大飯店,68,559,27.40%,"1,641","917,278","43,614","960,892",16,4,4,0,24,,,,,,
Empress Hotel,,,,,,,,,,,,,,,,,,
洛痐j飯店花華本館,112,"2,421",72.05%,"1,518","3,674,021","613,090","4,287,111",9,0,2,8,19,,,,,,
Flora Hotel Main,,,,,,,,,,,,,,,,,,
北投老爺酒店,50,627,41.80%,"4,929","3,090,368","1,716,870","5,456,661",19,29,2,32,82,,,,,,
Hotel Royal Beitou,,,,,,,,,,,,,,,,,,
台北有園飯店,56,"1,176",70.00%,"2,418","2,843,957","376,507","3,362,103",11,6,7,5,29,,,,,,
U HOTEL TAIPEI,,,,,,,,,,,,,,,,,,
量子酒店,101,"1,747",57.66%,"2,993","5,229,561","4,100,373","10,293,763",23,33,14,5,75,,,,,,
S Hotel,,,,,,,,,,,,,,,,,,
歐華酒店,112,"1,681",50.03%,"3,265","5,489,075","7,060,549","14,002,165",43,52,30,0,125,,,,,,
The Riviera Hotel,,,,,,,,,,,,,,,,,,
慶泰大飯店,150,"3,407",75.71%,"2,896","9,866,806","6,106,722","16,547,969",31,62,33,13,139,,,,,,
Gala Hotel,,,,,,,,,,,,,,,,,,
天成大飯店,225,"6,415",95.04%,"3,063","19,650,289","21,951,364","47,541,457",80,120,18,50,268,,,,,,
Cosmos Hotel TAIPEI,,,,,,,,,,,,,,,,,,
福容大飯店 台北一館,120,"2,310",64.17%,"3,295","7,612,250","11,883,252","20,899,294",31,51,7,8,97,,,,,,
"Fullon Hotel Taipei,Central",,,,,,,,,,,,,,,,,,
首都大飯店,129,"2,790",72.09%,"3,346","9,334,581","3,210,322","13,655,202",34,39,42,0,115,,,,,,
Capital Hotel,,,,,,,,,,,,,,,,,,
台北君品大酒店,286,"7,009",81.69%,"4,676","32,774,036","41,073,593","77,274,634",131,242,69,0,442,,,,,,
Palais De Chine Hotel Taipei,,,,,,,,,,,,,,,,,,
台北花園大酒店,241,"6,333",87.59%,"1,951","12,355,528","20,687,366","38,429,991",68,102,37,24,231,,,,,,
Taipei Garden Hotel,,,,,,,,,,,,,,,,,,
日勝生加賀屋國際溫泉飯店,90,825,30.56%,"6,772","5,587,137","5,993,493","13,880,834",70,49,33,14,166,,,,,,
Radium-Kagaya,,,,,,,,,,,,,,,,,,
北投麗禧溫泉酒店,66,841,42.47%,"12,409","10,436,363","9,172,794","22,211,863",32,56,3,71,162,,,,,,
Grand View Resort,,,,,,,,,,,,,,,,,,
寒舍艾麗酒店,232,"5,882",84.51%,"5,708","33,572,020","25,650,334","65,192,828",64,99,62,0,225,,,,,,
Humble House Hotel Taipei,,,,,,,,,,,,,,,,,,
總計,"11,371","239,996",70.35%,"4,245","1,018,854,526","1,141,250,390","2,473,510,649","3,663","6,267","2,213","1,145","13,288",,,,,,
Total,,,,,,,,,,,,,,,,,,
,,,,,,,,,,,,,,,,,,
觀光旅館營運月報表單月-彙整表 (Monthly Report on Tourist Hotel Operations in Taiwan),,,,,,,,,,,,,,,,,,
列印日期：,2017/12/4,高雄地區 Kaohsiung,,資料期間：,,2017年6月至2017年6月(Data for 2017/6∼2017/6),,,,,,,,,,,,
,住用及營收概況,,,,,各部門職工概況(No. of Employees),,,,,,,,,,,,
旅館名稱,客房數,客房住用數,住用率,平均房價,房租收入,餐飲收入,總營業收入,客房部,餐飲部,管理部,其他部門,員工合計,,,,,,
Hotel Name,No. of Rooms,No. of Rooms Occupied,Occupancy Rate,Average Room Rate,Room Revenue,F & B Revenue,Total Revenue,Room Dep.,F&B Dep.,Adm. Dep.,Other Dep.,Total,,,,,,
華王大飯店,297,"2,883",32.36%,"1,463","4,216,494","2,527,813","6,834,004",39,35,38,2,114,,,,,,
Hotel Kingdom,,,,,,,,,,,,,,,,,,
華園大飯店,269,"3,467",42.96%,"1,678","5,816,888","1,763,483","8,333,948",43,36,31,0,110,,,,,,
Hotel Holiday Garden Kaohsiung,,,,,,,,,,,,,,,,,,
高雄國賓大飯店,453,"10,281",75.65%,"1,989","20,453,711","34,693,839","57,126,127",135,153,19,43,350,,,,,,
The Ambassador Hotel Kaohsiung,,,,,,,,,,,,,,,,,,
漢來大飯店,436,"10,005",76.49%,"3,454","34,555,333","57,021,322","105,722,465",174,454,8,209,845,,,,,,
Grand Hi-Lai Hotel,,,,,,,,,,,,,,,,,,
高雄福華大飯店,271,"6,504",80.00%,"2,180","14,181,000","15,099,000","32,610,000",91,121,34,21,267,,,,,,
Howard Plaza Hotel Kaohsiung,,,,,,,,,,,,,,,,,,
君鴻國際酒店,585,"10,151",57.84%,"2,442","24,790,011","26,966,201","64,103,777",148,191,133,28,500,,,,,,
85 SKY TOWER HOTEL,,,,,,,,,,,,,,,,,,
寒軒國際大飯店,380,"7,607",66.73%,"1,940","14,759,345","16,683,828","32,992,000",108,127,37,25,297,,,,,,
Han-Hsien lnternational Hotel,,,,,,,,,,,,,,,,,,
麗尊大酒店,198,"3,775",63.55%,"2,130","8,041,738","19,330,660","29,155,596",71,100,12,27,210,,,,,,
The Lees Hotel,,,,,,,,,,,,,,,,,,
福容大飯店 高雄,250,"3,990",53.20%,"1,708","6,813,397","3,304,723","10,150,601",41,34,8,8,91,,,,,,
Fullon Hotel Kaohsiung,,,,,,,,,,,,,,,,,,
總計,"3,139","58,663",62.29%,"2,278","133,627,917","177,390,869","347,028,518",850,"1,251",320,363,"2,784",,,,,,
Total,,,,,,,,,,,,,,,,,,
,,,,,,,,,,,,,,,,,,
觀光旅館營運月報表單月-彙整表 (Monthly Report on Tourist Hotel Operations in Taiwan),,,,,,,,,,,,,,,,,,
列印日期：,2017/12/4,臺中地區 Taichung,,資料期間：,,2017年6月至2017年6月(Data for 2017/6∼2017/6),,,,,,,,,,,,
,住用及營收概況,,,,,各部門職工概況(No. of Employees),,,,,,,,,,,,
旅館名稱,客房數,客房住用數,住用率,平均房價,房租收入,餐飲收入,總營業收入,客房部,餐飲部,管理部,其他部門,員工合計,,,,,,
Hotel Name,No. of Rooms,No. of Rooms Occupied,Occupancy Rate,Average Room Rate,Room Revenue,F & B Revenue,Total Revenue,Room Dep.,F&B Dep.,Adm. Dep.,Other Dep.,Total,,,,,,
全國大飯店,178,"3,379",63.28%,"2,097","7,086,192","14,418,121","23,910,549",56,149,25,23,253,,,,,,
Hotel National,,,,,,,,,,,,,,,,,,
通豪大飯店,228,"2,227",32.56%,"1,820","4,053,385","4,904,633","9,459,404",36,48,21,3,108,,,,,,
Plaza International Hotel,,,,,,,,,,,,,,,,,,
長榮桂冠酒店(台中),354,"8,076",76.05%,"2,274","18,361,578","16,317,151","38,604,979",86,121,52,5,264,,,,,,
Evergreen Laurel Hotel (Taichung),,,,,,,,,,,,,,,,,,
台中福華大飯店,155,"3,101",66.69%,"2,552","7,914,501","9,423,246","20,366,335",56,99,20,35,210,,,,,,
Howard Prince Hotel Taichung,,,,,,,,,,,,,,,,,,
台中金典酒店,222,"5,565",83.56%,"2,776","15,449,901","20,905,870","49,300,451",161,116,64,77,418,,,,,,
The Splendor Hotel Taichung,,,,,,,,,,,,,,,,,,
裕元花園酒店,149,"3,280",73.38%,"3,198","10,488,856","25,604,828","40,263,205",59,138,20,34,251,,,,,,
Windsor Hotel,,,,,,,,,,,,,,,,,,
台中港酒店,200,"4,035",67.25%,"1,624","6,552,831","3,963,832","11,070,542",54,45,17,8,124,,,,,,
Taichung Harbor Hotel,,,,,,,,,,,,,,,,,,
總計,"1,486","29,663",66.54%,"2,357","69,907,244","95,537,681","192,975,465",508,716,219,185,"1,628",,,,,,
Total,,,,,,,,,,,,,,,,,,
,,,,,,,,,,,,,,,,,,
觀光旅館營運月報表單月-彙整表 (Monthly Report on Tourist Hotel Operations in Taiwan),,,,,,,,,,,,,,,,,,
列印日期：,2017/12/4,花蓮地區 Hualien,,資料期間：,,2017年6月至2017年6月(Data for 2017/6∼2017/6),,,,,,,,,,,,
,住用及營收概況,,,,,各部門職工概況(No. of Employees),,,,,,,,,,,,
旅館名稱,客房數,客房住用數,住用率,平均房價,房租收入,餐飲收入,總營業收入,客房部,餐飲部,管理部,其他部門,員工合計,,,,,,
Hotel Name,No. of Rooms,No. of Rooms Occupied,Occupancy Rate,Average Room Rate,Room Revenue,F & B Revenue,Total Revenue,Room Dep.,F&B Dep.,Adm. Dep.,Other Dep.,Total,,,,,,
花蓮亞士都飯店,167,"1,617",32.28%,"1,237","2,000,000","420,000","2,424,638",17,7,7,0,31,,,,,,
Astar Hotel,,,,,,,,,,,,,,,,,,
統帥大飯店,270,"2,245",27.72%,"1,312","2,945,811","4,364,294","7,689,050",31,45,26,4,106,,,,,,
Marshal Hotel,,,,,,,,,,,,,,,,,,
花蓮翰品酒店,197,"3,881",65.67%,"1,833","7,113,650","9,913,475","17,853,056",56,60,28,0,144,,,,,,
Hualien Chateau de Chine Hotel,,,,,,,,,,,,,,,,,,
美侖大飯店,343,"5,837",56.72%,"2,029","11,843,021","11,173,622","23,965,112",62,112,14,72,260,,,,,,
Parkview Hotel,,,,,,,,,,,,,,,,,,
遠雄悅來大飯店,381,"5,393",47.18%,"3,448","18,592,458","11,346,785","33,972,332",52,90,41,130,313,,,,,,
"Farglory Hotel, Hualien",,,,,,,,,,,,,,,,,,
總計,"1,358","18,973",46.57%,"2,240","42,494,940","37,218,176","85,904,188",218,314,116,206,854,,,,,,
Total,,,,,,,,,,,,,,,,,,
,,,,,,,,,,,,,,,,,,
觀光旅館營運月報表單月-彙整表 (Monthly Report on Tourist Hotel Operations in Taiwan),,,,,,,,,,,,,,,,,,
列印日期：,2017/12/4,風景區 Scenic Area,,資料期間：,,2017年6月至2017年6月(Data for 2017/6∼2017/6),,,,,,,,,,,,
,住用及營收概況,,,,,各部門職工概況(No. of Employees),,,,,,,,,,,,
旅館名稱,客房數,客房住用數,住用率,平均房價,房租收入,餐飲收入,總營業收入,客房部,餐飲部,管理部,其他部門,員工合計,,,,,,
Hotel Name,No. of Rooms,No. of Rooms Occupied,Occupancy Rate,Average Room Rate,Room Revenue,F & B Revenue,Total Revenue,Room Dep.,F&B Dep.,Adm. Dep.,Other Dep.,Total,,,,,,
陽明山中國麗緻大飯店,47,429,30.43%,"4,128","1,771,070","1,524,803","4,874,466",8,13,7,16,44,,,,,,
Hotel Landis China Yangmingshan,,,,,,,,,,,,,,,,,,
趣淘漫旅(原曾文.山芙蓉渡假大酒店),198,"2,923",49.21%,"2,850","8,330,188","3,710,612","14,683,987",34,33,0,53,120,,,,,,
HOTEL CHAM CHAM,,,,,,,,,,,,,,,,,,
高雄圓山大飯店,107,"1,622",50.53%,"2,008","3,257,468","6,149,922","10,663,545",27,76,15,37,155,,,,,,
Grand Hotel Kaohsiung,,,,,,,,,,,,,,,,,,
礁溪老爺大酒店,193,"3,307",57.12%,"6,207","20,525,990","19,566,045","45,455,263",86,120,67,39,312,,,,,,
Hotel Royal Chiao-His,,,,,,,,,,,,,,,,,,
涵碧樓大飯店,96,"2,245",77.95%,"11,142","25,014,427","6,466,008","34,580,793",73,87,25,65,250,,,,,,
The Lalu Sun Moon Lake,,,,,,,,,,,,,,,,,,
雲品溫泉酒店日月潭,211,"4,618",72.95%,"6,892","31,827,963","20,086,256","55,795,268",96,123,67,28,314,,,,,,
Fleur De Chine Hotel,,,,,,,,,,,,,,,,,,
日月行館,92,868,31.45%,"10,455","9,074,600","2,718,117","11,919,774",22,37,14,9,82,,,,,,
Wen Wan Hotel & Resorts,,,,,,,,,,,,,,,,,,
凱撒大飯店,281,"7,919",93.94%,"5,059","40,060,247","13,252,008","56,302,491",78,100,17,74,269,,,,,,
Caesar Park Hotel Kenting,,,,,,,,,,,,,,,,,,
墾丁福華渡假飯店,458,"10,158",73.93%,"3,388","34,420,246","13,182,517","51,002,675",127,71,0,140,338,,,,,,
Howard Beach Resort Kenting,,,,,,,,,,,,,,,,,,
東方渡假酒店,112,"1,033",30.74%,"2,881","2,976,573","1,892,812","4,903,904",27,20,2,4,53,,,,,,
Dong Fang Du Jia Jiudian Hotel,,,,,,,,,,,,,,,,,,
知本老爺大酒店,182,"1,983",36.32%,"3,273","6,489,899","4,593,393","12,983,104",48,58,41,70,217,,,,,,
Hotel Royal Chihpen Spa,,,,,,,,,,,,,,,,,,
太魯閣晶英酒店,160,"3,133",65.27%,"6,938","21,737,998","7,478,246","32,446,940",63,46,24,45,178,,,,,,
"Silks Place Hotel, Taroko",,,,,,,,,,,,,,,,,,
福容大飯店 福隆,174,"2,516",48.20%,"4,915","12,366,018","8,492,427","29,577,663",29,40,11,14,94,,,,,,
Fulong Beach Resort Hotel,,,,,,,,,,,,,,,,,,
龍谷大飯店,189,"1,156",20.39%,"1,173","1,355,505","1,546,913","3,067,070",17,8,10,13,48,,,,,,
Dragon Valley Hotel,,,,,,,,,,,,,,,,,,
阿里山賓館,35,463,44.10%,"2,975","1,377,486",0,"1,377,486",5,0,3,3,11,,,,,,
Alishan House,,,,,,,,,,,,,,,,,,
名都觀光渡假大飯店,99,539,18.15%,"1,742","938,772","2,641,667","3,706,190",22,34,19,0,75,,,,,,
Beau Max Resort Hotel,,,,,,,,,,,,,,,,,,
阿里山賓館(新館),102,"1,255",41.01%,"5,359","6,725,372","4,085,868","11,306,838",48,38,14,11,111,,,,,,
Alishan House,,,,,,,,,,,,,,,,,,
墾丁怡灣渡假酒店,240,255,3.54%,"3,475","886,132","64,211","951,772",12,8,11,4,35,,,,,,
Grand Bay Resort,,,,,,,,,,,,,,,,,,
總計,"2,976","46,422",52.00%,"4,936","229,135,954","117,451,825","385,599,229",822,912,347,625,"2,706",,,,,,
Total,,,,,,,,,,,,,,,,,,
,,,,,,,,,,,,,,,,,,
觀光旅館營運月報表單月-彙整表 (Monthly Report on Tourist Hotel Operations in Taiwan),,,,,,,,,,,,,,,,,,
列印日期：,2017/12/4,桃竹苗地區 TauHsiuMiao,,資料期間：,,2017年6月至2017年6月(Data for 2017/6∼2017/6),,,,,,,,,,,,
,住用及營收概況,,,,,各部門職工概況(No. of Employees),,,,,,,,,,,,
旅館名稱,客房數,客房住用數,住用率,平均房價,房租收入,餐飲收入,總營業收入,客房部,餐飲部,管理部,其他部門,員工合計,,,,,,
Hotel Name,No. of Rooms,No. of Rooms Occupied,Occupancy Rate,Average Room Rate,Room Revenue,F & B Revenue,Total Revenue,Room Dep.,F&B Dep.,Adm. Dep.,Other Dep.,Total,,,,,,
晶悅國際飯店(原桃園大飯店),381,"5,495",48.08%,"1,664","9,145,564","5,246,747","15,566,937",73,80,17,6,176,,,,,,
Pleasant Hotels International,,,,,,,,,,,,,,,,,,
尊爵天際大飯店,250,"6,212",82.83%,"2,656","16,499,654","12,865,368","30,171,234",34,116,24,11,185,,,,,,
Ｍonarch-Skyline Hotel,,,,,,,,,,,,,,,,,,
南方莊園,111,"1,564",46.97%,"4,045","6,326,113","10,160,350","21,220,639",40,96,35,45,216,,,,,,
South Gardens Resort,,,,,,,,,,,,,,,,,,
台北諾富特華航桃園機場飯店,360,"9,536",88.30%,"2,618","24,968,763","10,702,643","39,448,173",81,111,61,16,269,,,,,,
Novotel Taipei Taoyuan International Airport,,,,,,,,,,,,,,,,,,
新竹喜來登大飯店,386,"9,073",78.35%,"3,839","34,833,815","34,823,623","79,418,240",93,167,30,97,387,,,,,,
Sheraton Hsinchu Hotel,,,,,,,,,,,,,,,,,,
新竹老爺大酒店,208,"4,137",66.30%,"2,935","12,143,530","10,835,687","24,196,319",47,93,51,10,201,,,,,,
Hotel Royal Hsinchu,,,,,,,,,,,,,,,,,,
新竹國賓大飯店,257,"5,921",76.80%,"3,161","18,717,954","31,002,852","61,052,331",99,192,39,16,346,,,,,,
The Ambassador Hotel Hsinchu,,,,,,,,,,,,,,,,,,
尊爵大飯店,231,"5,845",84.34%,"2,275","13,295,995","11,824,267","27,091,001",44,87,23,34,188,,,,,,
Monarch Plaza Hotel,,,,,,,,,,,,,,,,,,
古華花園飯店,255,"5,685",74.31%,"2,900","16,485,992","11,714,088","30,992,921",58,131,9,22,220,,,,,,
Hotel Kuva Chateau,,,,,,,,,,,,,,,,,,
福容大飯店 桃園,182,"3,852",70.55%,"2,124","8,182,214","3,173,300","11,765,102",26,30,7,10,73,,,,,,
Fullon Hotel Taoyuan,,,,,,,,,,,,,,,,,,
福容大飯店 林口,149,"2,741",61.32%,"2,927","8,023,311","3,224,461","11,348,420",29,31,9,1,70,,,,,,
Fullon Hotel Linkou,,,,,,,,,,,,,,,,,,
豐邑喜來登大飯店,384,"2,268",19.69%,"3,840","8,708,454","4,868,558","14,791,416",60,37,3,12,112,,,,,,
Sheraton Fongyi Hotel,,,,,,,,,,,,,,,,,,
苗栗兆品酒店,191,"2,589",45.18%,"2,076","5,374,885","3,477,991","9,322,663",35,39,26,0,100,,,,,,
Miaoli Maison De Chine,,,,,,,,,,,,,,,,,,
總計,"3,345","64,918",64.69%,"2,814","182,706,244","153,919,935","376,385,396",719,"1,210",334,280,"2,543",,,,,,
Total,,,,,,,,,,,,,,,,,,
,,,,,,,,,,,,,,,,,,
觀光旅館營運月報表單月-彙整表 (Monthly Report on Tourist Hotel Operations in Taiwan),,,,,,,,,,,,,,,,,,
列印日期：,2017/12/4,其他地區 Other,,資料期間：,,2017年6月至2017年6月(Data for 2017/6∼2017/6),,,,,,,,,,,,
,住用及營收概況,,,,,各部門職工概況(No. of Employees),,,,,,,,,,,,
旅館名稱,客房數,客房住用數,住用率,平均房價,房租收入,餐飲收入,總營業收入,客房部,餐飲部,管理部,其他部門,員工合計,,,,,,
Hotel Name,No. of Rooms,No. of Rooms Occupied,Occupancy Rate,Average Room Rate,Room Revenue,F & B Revenue,Total Revenue,Room Dep.,F&B Dep.,Adm. Dep.,Other Dep.,Total,,,,,,
福容大飯店 淡水漁人碼頭,198,"1,927",32.44%,"5,115","9,856,891","11,925,911","23,246,756",46,99,32,10,187,,,,,,
Fullon Hotel Tamsui Fishermen’s Wharf,,,,,,,,,,,,,,,,,,
大板根渡假酒店,95,"2,137",74.98%,"4,412","9,428,530","8,183,671","26,508,430",23,57,6,120,206,,,,,,
The Great Roots Resort Hotel,,,,,,,,,,,,,,,,,,
台南大飯店,152,"1,694",37.15%,"1,975","3,345,990","7,112,779","11,288,742",34,95,37,0,166,,,,,,
Hotel Tainan,,,,,,,,,,,,,,,,,,
大億麗緻酒店,315,"6,412",67.85%,"2,903","18,616,329","23,018,942","46,515,680",81,176,66,0,323,,,,,,
Tayih Landis Tainan,,,,,,,,,,,,,,,,,,
台糖長榮酒店(台南),197,"4,261",72.10%,"2,791","11,893,774","19,489,079","32,479,937",48,97,24,15,184,,,,,,
Evergreen Plaza Hotel(Tainan),,,,,,,,,,,,,,,,,,
香格里拉台南遠東國際大飯店,333,"6,951",69.58%,"3,171","22,039,440","21,069,216","48,728,572",132,212,78,22,444,,,,,,
"Shangri-La’s Far Eastern Plaza Hotel,Tainan",,,,,,,,,,,,,,,,,,
義大皇家酒店,656,"12,760",64.84%,"3,011","38,413,980","23,655,778","66,971,616",86,178,106,91,461,,,,,,
E-DA Royal Hotel,,,,,,,,,,,,,,,,,,
蘭城晶英酒店,193,"3,687",63.68%,"8,283","30,539,606","21,740,964","58,460,104",65,186,35,38,324,,,,,,
Silks Place Yilan,,,,,,,,,,,,,,,,,,
長榮鳳凰酒店(礁溪),231,"4,095",59.09%,"5,879","24,075,984","20,078,475","50,339,356",95,96,53,40,284,,,,,,
Evergreen Resort Hotel(Jiaosi),,,,,,,,,,,,,,,,,,
綠舞國際觀光飯店,104,183,5.87%,"4,557","833,949","3,000,028","4,079,190",41,41,51,39,172,,,,,,
Dancewoods Hotels and Resorts,,,,,,,,,,,,,,,,,,
娜路彎大酒店,276,"3,130",37.80%,"3,694","11,561,629","9,016,528","23,204,705",96,46,47,28,217,,,,,,
Formosan Naruwan Hotel & Resort Taitung,,,,,,,,,,,,,,,,,,
澎湖福朋喜來登酒店,331,"5,505",55.44%,"3,650","20,091,845","14,303,489","38,183,267",71,73,60,0,204,,,,,,
Four Point by Sheraton Penghu,,,,,,,,,,,,,,,,,,
耐斯王子大飯店,245,"3,756",51.10%,"1,932","7,256,637","13,222,861","21,856,515",66,104,29,13,212,,,,,,
Nice Prince Hotel,,,,,,,,,,,,,,,,,,
和昇帝景飯店,60,"1,304",72.44%,"1,788","2,330,972",599,"2,331,571",6,3,3,6,18,,,,,,
lake.sunriseinn,,,,,,,,,,,,,,,,,,
福朋喜來登飯店,126,"2,723",72.04%,"2,741","7,463,851","4,579,548","13,837,568",32,49,18,9,108,,,,,,
"Four Points By Sheraton Taipei, Zhonghe",,,,,,,,,,,,,,,,,,
碧特弗大飯店,54,561,34.63%,"2,567","1,439,948","152,069","1,592,017",11,10,5,3,29,,,,,,
Beautiful Hotel,,,,,,,,,,,,,,,,,,
美麗春天大飯店,34,357,35.00%,"2,568","916,759","201,579","1,118,338",8,6,4,2,20,,,,,,
Beautiful Hotel,,,,,,,,,,,,,,,,,,
遠百企業觀光旅館,40,78,6.50%,"1,000","78,000",0,"78,000",13,0,10,0,23,,,,,,
Far Eastem Geant Tourist Hotel,,,,,,,,,,,,,,,,,,
幼獅大飯店,54,327,20.19%,"1,213","396,800",0,"422,630",3,0,3,4,10,,,,,,
Lion Hotel,,,,,,,,,,,,,,,,,,
山泉大飯店,167,"1,756",35.05%,"2,024","3,553,823","258,827","3,990,341",36,14,6,0,56,,,,,,
Sun Spring Resort,,,,,,,,,,,,,,,,,,
悅川酒店,103,"1,796",58.12%,"3,276","5,883,386","4,294,307","10,271,770",30,26,25,0,81,,,,,,
The Walden,,,,,,,,,,,,,,,,,,
台東桂田喜來登,290,"3,284",37.75%,"2,659","8,732,143","8,368,885","18,628,824",63,98,35,11,207,,,,,,
QUEENAPLAZA HOTEL TAITUNG,,,,,,,,,,,,,,,,,,
寶華大飯店,78,"1,397",59.70%,"2,140","2,989,129","46,200","3,037,329",13,1,3,0,17,,,,,,
Bowa Hotel,,,,,,,,,,,,,,,,,,
長榮桂冠酒店(基隆),140,"2,895",68.93%,"2,328","6,740,995","5,098,625","14,654,082",29,23,16,5,73,,,,,,
Evergreen Laurel Hotel (Keelung),,,,,,,,,,,,,,,,,,
鈺通大飯店,120,"1,010",28.06%,"1,975","1,994,664","4,572,498","6,986,140",24,38,7,3,72,,,,,,
Yuh-Tong Hotel,,,,,,,,,,,,,,,,,,
陸島酒店,47,"1,100",78.01%,"1,303","1,432,806","169,360","1,603,536",10,3,3,0,16,,,,,,
LUDAO HOTEL,,,,,,,,,,,,,,,,,,
總計,"4,639","75,086",53.95%,"3,355","251,907,860","223,560,218","530,415,016","1,162","1,731",762,459,"4,114",,,,,,
Total,,,,,,,,,,,,,,,,,,
,,,,,,,,,,,,,,,,,,
,,,,,,,,,,,,,,,,,,
觀光旅館營運月報表單月-彙整表 (Monthly Report on Tourist Hotel Operations in Taiwan),,,,,,,,,,,,,,,,,,
列印日期：,,2017/12/4,,資料期間：,,2017年6月至2017年6月(Data for 2017/6∼2017/6),,,,,,,,,,,,
,,住客類別統計,,,各地區旅客人數統計,,,,,,,,,,,,,
,,No. of Guests by Type,,,No. of Guests by Country / Region,,,,,,,,,,,,,
地區名稱,,FIT類別,GROUP類別,類別合計,本國,大陸,日本,韓國,港澳,新加坡,馬來西亞,其他亞洲地區,北美,歐洲,紐澳,其他,華僑,合計
Region,,FIT,GROUP,Total,Domestic,China,Japan,Korea,HK & Macao,Singapore,Malaysia,Asia(Other Asia Region),North American,Europe,NZ & AU,Other,Chinese Overseas,Total
臺北地區 Taipei,國際Internation,"184,764","89,186","273,950","35,151","41,582","88,905","12,125","18,093","11,701","4,344","13,022","30,331","10,744","2,882","4,590",480,"273,950"
臺北地區 Taipei,一般Standard,"58,593","31,942","90,535","11,256","17,925","28,836","5,229","8,732","4,334","1,021","4,167","4,085","2,265",743,"1,885",57,"90,535"
臺北地區 Taipei,小計SubTotal,"243,357","121,128","364,485","46,407","59,507","117,741","17,354","26,825","16,035","5,365","17,189","34,416","13,009","3,625","6,475",537,"364,485"
高雄地區 Kaohsiung,國際Internation,"49,720","39,170","88,890","41,072","14,018","14,301","1,561","3,065","1,246","1,057","3,132","2,855","2,847",607,"2,463",666,"88,890"
高雄地區 Kaohsiung,一般Standard,"2,604","5,717","8,321","4,215","1,727",450,106,128,9,13,"1,543",49,75,6,0,0,"8,321"
高雄地區 Kaohsiung,小計SubTotal,"52,324","44,887","97,211","45,287","15,745","14,751","1,667","3,193","1,255","1,070","4,675","2,904","2,922",613,"2,463",666,"97,211"
臺中地區 Taichung,國際Internation,"18,597","12,769","31,366","16,355","3,318","5,313",666,539,535,207,"1,206","1,559","1,371",135,162,0,"31,366"
臺中地區 Taichung,一般Standard,"7,629","4,641","12,270","7,508","2,118",615,121,279,103,77,295,569,535,36,14,0,"12,270"
臺中地區 Taichung,小計SubTotal,"26,226","17,410","43,636","23,863","5,436","5,928",787,818,638,284,"1,501","2,128","1,906",171,176,0,"43,636"
花蓮地區 Hualien,國際Internation,"22,247","19,881","42,128","32,915","4,907","2,664",5,621,88,9,389,96,140,5,215,74,"42,128"
花蓮地區 Hualien,小計SubTotal,"22,247","19,881","42,128","32,915","4,907","2,664",5,621,88,9,389,96,140,5,215,74,"42,128"
風景區 Scenic Area,國際Internation,"62,109","37,945","100,054","85,071","5,582","2,228",243,"2,295",847,262,537,"1,369",863,73,648,36,"100,054"
風景區 Scenic Area,一般Standard,"6,959","6,434","13,393","9,460","2,626",65,0,21,0,2,183,61,22,13,940,0,"13,393"
風景區 Scenic Area,小計SubTotal,"69,068","44,379","113,447","94,531","8,208","2,293",243,"2,316",847,264,720,"1,430",885,86,"1,588",36,"113,447"
桃竹苗地區 TauHsiuMiao,國際Internation,"39,960","15,414","55,374","14,969","4,778","4,227","7,234",359,918,544,"5,101","7,488","3,863",258,"5,516",119,"55,374"
桃竹苗地區 TauHsiuMiao,一般Standard,"21,766","10,324","32,090","9,699","4,200","3,663","4,100","1,433",760,473,"1,804","2,276","1,318",146,"2,218",0,"32,090"
桃竹苗地區 TauHsiuMiao,小計SubTotal,"61,726","25,738","87,464","24,668","8,978","7,890","11,334","1,792","1,678","1,017","6,905","9,764","5,181",404,"7,734",119,"87,464"
其他地區 Other,國際Internation,"74,318","51,763","126,081","107,288","6,553","3,605",226,"1,766",381,213,"1,985","2,344","1,050",220,450,0,"126,081"
其他地區 Other,一般Standard,"17,450","15,823","33,273","25,782","3,728",287,160,335,328,88,843,977,396,21,258,70,"33,273"
其他地區 Other,小計SubTotal,"91,768","67,586","159,354","133,070","10,281","3,892",386,"2,101",709,301,"2,828","3,321","1,446",241,708,70,"159,354"
,總計 Total,"566,716","341,009","907,725","400,741","113,062","155,159","31,776","37,666","21,250","8,310","34,207","54,059","25,489","5,145","19,359","1,502","907,725"
,,,,,,,,,,,,,,,,,,
,住客類別統計,,,各地區旅客人數統計,,,,,,,,,,,,,,
,No. of Guests by Type,,,No. of Guests by Country / Region,,,,,,,,,,,,,,
類別,FIT類別,GROUP類別,類別合計,本國,大陸,日本,韓國,港澳,新加坡,馬來西亞,其他亞洲地區,北美,歐洲,紐澳,其他,華僑,合計,
Kind,FIT,GROUP,Total,Domestic,China,Japan,Korea,HK & Macao,Singapore,Malaysia,Asia(Other Asia Region),North American,Europe,NZ & AU,Other,Chinese Overseas,Total,
國際Internation,"451,715","266,128","717,843","332,821","80,738","121,243","22,060","26,738","15,716","6,636","25,372","46,042","20,878","4,180","14,044","1,375","717,843",
一般Standard,"115,001","74,881","189,882","67,920","32,324","33,916","9,716","10,928","5,534","1,674","8,835","8,017","4,611",965,"5,315",127,"189,882",
小計SubTotal,"566,716","341,009","907,725","400,741","113,062","155,159","31,776","37,666","21,250","8,310","34,207","54,059","25,489","5,145","19,359","1,502","907,725",
,,,,,,,,,,,,,,,,,,
觀光旅館營運月報表單月-彙整表 (Monthly Report on Tourist Hotel Operations in Taiwan),,,,,,,,,,,,,,,,,,
列印日期：,2017/12/4,臺北地區 Taipei,,資料期間：,,2017年6月至2017年6月(Data for 2017/6∼2017/6),,,,,,,,,,,,
,住客類別統計,,,各地區旅客人數統計,,,,,,,,,,,,,,
,No. of Guests by Type,,,No. of Guests by Country / Region,,,,,,,,,,,,,,
旅館名稱,FIT類別,GROUP類別,類別合計,本國,大陸,日本,韓國,港澳,新加坡,馬來西亞,其他亞洲地區,北美,歐洲,紐澳,其他,華僑,合計,
Hotel Name,FIT,GROUP,Total,Domestic,China,Japan,Korea,HK & Macao,Singapore,Malaysia,Asia(Other Asia Region),North American,Europe,NZ & AU,Other,Chinese Overseas,Total,
圓山大飯店,"7,897","8,652","16,549","1,806","5,015","6,126","1,005",200,235,246,404,967,304,155,86,0,"16,549",
The Grand Hotel,,,,,,,,,,,,,,,,,,
國賓大飯店,"8,817","5,754","14,571","1,410",575,"10,328",244,91,169,155,415,417,272,65,185,245,"14,571",
The Ambassador Hotel,,,,,,,,,,,,,,,,,,
台北華國大飯店,"5,846","5,412","11,258",844,809,"5,006",671,79,76,41,376,"1,683","1,539",91,43,0,"11,258",
Imperial Hotel Taipei,,,,,,,,,,,,,,,,,,
華泰王子大飯店,"2,314","1,542","3,856",123,216,"2,933",92,19,100,5,326,9,8,0,25,0,"3,856",
Gloria Prince Hotel,,,,,,,,,,,,,,,,,,
國王大飯店,570,"1,329","1,899",26,28,"1,752",9,12,6,46,7,12,0,0,1,0,"1,899",
Emperor Hotel,,,,,,,,,,,,,,,,,,
豪景大酒店,"2,223","6,036","8,259",744,"2,553","1,198",458,618,"1,505",708,370,62,42,1,0,0,"8,259",
Hotel Riverview Taipei,,,,,,,,,,,,,,,,,,
台北凱撒大飯店,"18,628","3,201","21,829","2,099","1,456","10,589",966,"2,659","1,421",568,830,661,338,132,110,0,"21,829",
Caesar Park Taipei,,,,,,,,,,,,,,,,,,
康華大飯店,"1,985","4,581","6,566",645,950,"3,741",110,152,55,67,444,204,81,66,51,0,"6,566",
Golden China Hotel,,,,,,,,,,,,,,,,,,
神旺大飯店,"10,963","1,223","12,186","2,357","3,926","1,673",0,0,0,0,"2,573","1,152",360,51,94,0,"12,186",
San Want Hotel,,,,,,,,,,,,,,,,,,
兄弟大飯店,"3,387","1,417","4,804",866,977,"1,699",133,78,0,0,421,212,154,28,236,0,"4,804",
Brother Hotel,,,,,,,,,,,,,,,,,,
三德大飯店,"3,427","9,244","12,671",505,"2,131","8,024",411,279,40,50,54,151,51,68,672,235,"12,671",
Santos Hotel,,,,,,,,,,,,,,,,,,
亞都麗緻大飯店,"4,315",476,"4,791","1,221",476,"1,672",74,184,138,55,130,394,321,103,23,0,"4,791",
The Landis Taipei Hotel,,,,,,,,,,,,,,,,,,
國聯大飯店,"4,769","3,431","8,200","3,148","1,308",927,529,832,202,115,289,473,300,65,12,0,"8,200",
United Hotel,,,,,,,,,,,,,,,,,,
台北寒舍喜來登大飯店,"10,951","7,885","18,836","1,873","3,122","4,915",420,"1,262","1,555",294,"1,203","2,845",837,224,286,0,"18,836",
Sheraton Grand Taipei Hotel,,,,,,,,,,,,,,,,,,
老爺大酒店,"7,131",662,"7,793",599,170,"5,871",132,221,118,75,122,180,187,8,110,0,"7,793",
Hotel Royal-Nikko Taipei,,,,,,,,,,,,,,,,,,
福華大飯店,"13,203","3,675","16,878","2,655","2,791","3,748",733,521,439,292,"1,515","2,250","1,571",220,143,0,"16,878",
Howard Plaza Hotel,,,,,,,,,,,,,,,,,,
台北君悅酒店,"12,175","5,927","18,102","1,597","2,830","1,289","1,693","1,182",877,220,"1,080","5,523","1,041",359,411,0,"18,102",
Grand Hyatt Taipei,,,,,,,,,,,,,,,,,,
晶華酒店,"16,092","4,283","20,375","3,511","1,767","8,926","1,210","1,251",583,122,478,"1,684",650,110,83,0,"20,375",
Regent Taipei,,,,,,,,,,,,,,,,,,
西華大飯店,"7,634","1,560","9,194","1,379","1,006","2,408",211,"1,048",506,119,176,"1,231",663,113,334,0,"9,194",
The Sherwood Hotel Taipei,,,,,,,,,,,,,,,,,,
台北萬豪酒店,"6,424","1,043","7,467","1,517",870,337,564,630,425,150,242,"2,253",0,91,388,0,"7,467",
Taipei Marriott Hotel,,,,,,,,,,,,,,,,,,
台北美福大飯店,"1,793",528,"2,321",898,296,93,48,104,54,108,183,230,176,91,40,0,"2,321",
Grand Mayfull Hotel Taipei,,,,,,,,,,,,,,,,,,
香格里拉台北遠東國際大飯店,"8,118","3,479","11,597","1,096","2,112",690,918,"1,842",884,245,125,"2,258",520,304,603,0,"11,597",
"Shangri-La's Far Eastern Plaza Hotel, Taipei",,,,,,,,,,,,,,,,,,
台北威斯汀六福皇宮,"5,415","1,095","6,510",498,"1,370",666,482,686,660,142,231,"1,247",295,126,107,0,"6,510",
The Westin Taipei,,,,,,,,,,,,,,,,,,
美麗信花園酒店,"3,671","4,924","8,595","1,139","1,208","3,637",494,661,208,101,394,346,313,54,40,0,"8,595",
Miramar Garden Taipei,,,,,,,,,,,,,,,,,,
台北寒舍艾美酒店,"5,199",338,"5,537","1,268",830,149,95,"1,151",340,90,85,"1,055",174,72,228,0,"5,537",
Le Meridien Taipei Hotel,,,,,,,,,,,,,,,,,,
台北W飯店,"11,817","1,489","13,306","1,327","2,790",508,423,"2,331","1,105",330,549,"2,832",547,285,279,0,"13,306",
W Taipei,,,,,,,,,,,,,,,,,,
亞士都飯店,542,233,775,304,32,389,5,9,7,0,0,9,0,0,20,0,775,
Astar Hotel,,,,,,,,,,,,,,,,,,
第一大飯店,211,"6,504","6,715",202,"2,232","2,499",86,135,26,130,473,247,0,14,671,0,"6,715",
First Hotel,,,,,,,,,,,,,,,,,,
六福客棧,"6,791","2,645","9,436",889,889,"6,604",78,226,0,0,242,73,22,15,398,0,"9,436",
The Leofoo Hotel,,,,,,,,,,,,,,,,,,
帝后大飯店,153,"1,040","1,193",75,32,980,10,0,0,21,44,8,4,16,0,3,"1,193",
Empress Hotel,,,,,,,,,,,,,,,,,,
洛痐j飯店花華本館,428,"3,965","4,393",495,116,"2,645",6,"1,035",18,13,8,26,0,0,0,31,"4,393",
Flora Hotel Main,,,,,,,,,,,,,,,,,,
北投老爺酒店,"1,070",100,"1,170",619,229,24,0,157,0,0,0,74,5,10,52,0,"1,170",
Hotel Royal Beitou,,,,,,,,,,,,,,,,,,
台北有園飯店,631,94,725,143,137,42,28,260,10,21,12,21,25,3,23,0,725,
U HOTEL TAIPEI,,,,,,,,,,,,,,,,,,
量子酒店,"3,190",304,"3,494",850,"2,168",36,25,270,35,48,32,10,11,5,3,1,"3,494",
S Hotel,,,,,,,,,,,,,,,,,,
歐華酒店,"2,621",0,"2,621",214,217,781,181,184,55,46,192,325,312,60,54,0,"2,621",
The Riviera Hotel,,,,,,,,,,,,,,,,,,
慶泰大飯店,859,"4,095","4,954",318,384,"3,575",198,0,0,0,263,44,82,3,65,22,"4,954",
Gala Hotel,,,,,,,,,,,,,,,,,,
天成大飯店,"11,288","1,368","12,656",554,"1,334","4,110","1,364","1,670","1,651",251,845,606,142,64,65,0,"12,656",
Cosmos Hotel TAIPEI,,,,,,,,,,,,,,,,,,
福容大飯店 台北一館,"1,793","1,455","3,248",771,"1,459",189,119,93,95,32,101,141,84,20,144,0,"3,248",
"Fullon Hotel Taipei,Central",,,,,,,,,,,,,,,,,,
首都大飯店,"2,513","1,295","3,808",363,"1,299","1,307",101,202,78,78,82,115,128,38,17,0,"3,808",
Capital Hotel,,,,,,,,,,,,,,,,,,
台北君品大酒店,"9,293","2,519","11,812","1,628","1,346","2,406",994,"1,973",944,126,639,868,403,185,300,0,"11,812",
Palais De Chine Hotel Taipei,,,,,,,,,,,,,,,,,,
台北花園大酒店,"7,783","3,763","11,546",625,"3,681","2,616","1,473",635,836,103,648,579,279,59,12,0,"11,546",
Taipei Garden Hotel,,,,,,,,,,,,,,,,,,
日勝生加賀屋國際溫泉飯店,"1,295",453,"1,748","1,063",203,198,13,175,9,2,13,54,15,3,0,0,"1,748",
Radium-Kagaya,,,,,,,,,,,,,,,,,,
北投麗禧溫泉酒店,"1,421",458,"1,879",833,230,58,155,306,45,10,72,102,46,14,8,0,"1,879",
Grand View Resort,,,,,,,,,,,,,,,,,,
寒舍艾麗酒店,"6,711","1,651","8,362","1,310","1,937",377,393,"1,402",525,140,501,783,707,234,53,0,"8,362",
Humble House Hotel Taipei,,,,,,,,,,,,,,,,,,
總計,"243,357","121,128","364,485","46,407","59,507","117,741","17,354","26,825","16,035","5,365","17,189","34,416","13,009","3,625","6,475",537,"364,485",
Total,,,,,,,,,,,,,,,,,,
,,,,,,,,,,,,,,,,,,
觀光旅館營運月報表單月-彙整表 (Monthly Report on Tourist Hotel Operations in Taiwan),,,,,,,,,,,,,,,,,,
列印日期：,2017/12/4,高雄地區 Kaohsiung,,資料期間：,,2017年6月至2017年6月(Data for 2017/6∼2017/6),,,,,,,,,,,,
,住客類別統計,,,各地區旅客人數統計,,,,,,,,,,,,,,
,No. of Guests by Type,,,No. of Guests by Country / Region,,,,,,,,,,,,,,
旅館名稱,FIT類別,GROUP類別,類別合計,本國,大陸,日本,韓國,港澳,新加坡,馬來西亞,其他亞洲地區,北美,歐洲,紐澳,其他,華僑,合計,
Hotel Name,FIT,GROUP,Total,Domestic,China,Japan,Korea,HK & Macao,Singapore,Malaysia,Asia(Other Asia Region),North American,Europe,NZ & AU,Other,Chinese Overseas,Total,
華王大飯店,"2,259","2,505","4,764","3,493",125,742,60,13,46,12,168,19,75,9,2,0,"4,764",
Hotel Kingdom,,,,,,,,,,,,,,,,,,
華園大飯店,800,"5,923","6,723","2,614","1,535","1,104",58,462,70,247,419,202,10,2,0,0,"6,723",
Hotel Holiday Garden Kaohsiung,,,,,,,,,,,,,,,,,,
高雄國賓大飯店,"7,803","7,623","15,426","6,209","2,834","3,153",294,867,86,439,380,417,459,58,230,0,"15,426",
The Ambassador Hotel Kaohsiung,,,,,,,,,,,,,,,,,,
漢來大飯店,"12,093","3,014","15,107","5,542","1,789","2,725",0,0,0,0,444,"1,441","1,065",326,"1,109",666,"15,107",
Grand Hi-Lai Hotel,,,,,,,,,,,,,,,,,,
高雄福華大飯店,"8,173","3,550","11,723","4,605","1,387","3,123",328,318,188,132,572,232,362,83,393,0,"11,723",
Howard Plaza Hotel Kaohsiung,,,,,,,,,,,,,,,,,,
君鴻國際酒店,"6,594","9,731","16,325","8,536","2,591","1,039",490,645,675,131,602,374,560,55,627,0,"16,325",
85 SKY TOWER HOTEL,,,,,,,,,,,,,,,,,,
寒軒國際大飯店,"6,232","4,991","11,223","5,999","2,258","1,754",201,313,82,38,232,159,133,35,19,0,"11,223",
Han-Hsien lnternational Hotel,,,,,,,,,,,,,,,,,,
麗尊大酒店,"5,766","1,833","7,599","4,074","1,499",661,130,447,99,58,315,11,183,39,83,0,"7,599",
The Lees Hotel,,,,,,,,,,,,,,,,,,
福容大飯店 高雄,"2,604","5,717","8,321","4,215","1,727",450,106,128,9,13,"1,543",49,75,6,0,0,"8,321",
Fullon Hotel Kaohsiung,,,,,,,,,,,,,,,,,,
總計,"52,324","44,887","97,211","45,287","15,745","14,751","1,667","3,193","1,255","1,070","4,675","2,904","2,922",613,"2,463",666,"97,211",
Total,,,,,,,,,,,,,,,,,,
,,,,,,,,,,,,,,,,,,
觀光旅館營運月報表單月-彙整表 (Monthly Report on Tourist Hotel Operations in Taiwan),,,,,,,,,,,,,,,,,,
列印日期：,2017/12/4,臺中地區 Taichung,,資料期間：,,2017年6月至2017年6月(Data for 2017/6∼2017/6),,,,,,,,,,,,
,住客類別統計,,,各地區旅客人數統計,,,,,,,,,,,,,,
,No. of Guests by Type,,,No. of Guests by Country / Region,,,,,,,,,,,,,,
旅館名稱,FIT類別,GROUP類別,類別合計,本國,大陸,日本,韓國,港澳,新加坡,馬來西亞,其他亞洲地區,北美,歐洲,紐澳,其他,華僑,合計,
Hotel Name,FIT,GROUP,Total,Domestic,China,Japan,Korea,HK & Macao,Singapore,Malaysia,Asia(Other Asia Region),North American,Europe,NZ & AU,Other,Chinese Overseas,Total,
全國大飯店,"3,516","1,166","4,682","1,437",416,"2,029",213,41,146,33,146,91,105,25,0,0,"4,682",
Hotel National,,,,,,,,,,,,,,,,,,
通豪大飯店,432,"4,076","4,508","3,638",203,514,8,27,0,8,110,0,0,0,0,0,"4,508",
Plaza International Hotel,,,,,,,,,,,,,,,,,,
長榮桂冠酒店(台中),"5,063","3,013","8,076","3,725","1,096","1,112",145,87,102,64,371,582,630,44,118,0,"8,076",
Evergreen Laurel Hotel (Taichung),,,,,,,,,,,,,,,,,,
台中福華大飯店,"4,057","1,176","5,233","2,904",344,995,175,74,86,34,45,308,261,7,0,0,"5,233",
Howard Prince Hotel Taichung,,,,,,,,,,,,,,,,,,
台中金典酒店,"5,529","3,338","8,867","4,651","1,259",663,125,310,201,68,534,578,375,59,44,0,"8,867",
The Splendor Hotel Taichung,,,,,,,,,,,,,,,,,,
裕元花園酒店,"4,226",471,"4,697","2,660",428,194,53,196,90,68,211,343,427,20,7,0,"4,697",
Windsor Hotel,,,,,,,,,,,,,,,,,,
台中港酒店,"3,403","4,170","7,573","4,848","1,690",421,68,83,13,9,84,226,108,16,7,0,"7,573",
Taichung Harbor Hotel,,,,,,,,,,,,,,,,,,
總計,"26,226","17,410","43,636","23,863","5,436","5,928",787,818,638,284,"1,501","2,128","1,906",171,176,0,"43,636",
Total,,,,,,,,,,,,,,,,,,
,,,,,,,,,,,,,,,,,,
觀光旅館營運月報表單月-彙整表 (Monthly Report on Tourist Hotel Operations in Taiwan),,,,,,,,,,,,,,,,,,
列印日期：,2017/12/4,花蓮地區 Hualien,,資料期間：,,2017年6月至2017年6月(Data for 2017/6∼2017/6),,,,,,,,,,,,
,住客類別統計,,,各地區旅客人數統計,,,,,,,,,,,,,,
,No. of Guests by Type,,,No. of Guests by Country / Region,,,,,,,,,,,,,,
旅館名稱,FIT類別,GROUP類別,類別合計,本國,大陸,日本,韓國,港澳,新加坡,馬來西亞,其他亞洲地區,北美,歐洲,紐澳,其他,華僑,合計,
Hotel Name,FIT,GROUP,Total,Domestic,China,Japan,Korea,HK & Macao,Singapore,Malaysia,Asia(Other Asia Region),North American,Europe,NZ & AU,Other,Chinese Overseas,Total,
花蓮亞士都飯店,"1,063","2,287","3,350","1,862",586,867,0,0,0,0,0,0,26,0,0,9,"3,350",
Astar Hotel,,,,,,,,,,,,,,,,,,
統帥大飯店,"2,843","1,860","4,703","2,708",314,946,2,495,0,0,0,0,93,0,145,0,"4,703",
Marshal Hotel,,,,,,,,,,,,,,,,,,
花蓮翰品酒店,"4,474","4,273","8,747","8,276",91,129,0,116,73,4,2,44,12,0,0,0,"8,747",
Hualien Chateau de Chine Hotel,,,,,,,,,,,,,,,,,,
美侖大飯店,"5,857","6,405","12,262","7,838","3,231",712,0,0,0,0,367,32,4,2,11,65,"12,262",
Parkview Hotel,,,,,,,,,,,,,,,,,,
遠雄悅來大飯店,"8,010","5,056","13,066","12,231",685,10,3,10,15,5,20,20,5,3,59,0,"13,066",
"Farglory Hotel, Hualien",,,,,,,,,,,,,,,,,,
總計,"22,247","19,881","42,128","32,915","4,907","2,664",5,621,88,9,389,96,140,5,215,74,"42,128",
Total,,,,,,,,,,,,,,,,,,
,,,,,,,,,,,,,,,,,,
觀光旅館營運月報表單月-彙整表 (Monthly Report on Tourist Hotel Operations in Taiwan),,,,,,,,,,,,,,,,,,
列印日期：,2017/12/4,風景區 Scenic Area,,資料期間：,,2017年6月至2017年6月(Data for 2017/6∼2017/6),,,,,,,,,,,,
,住客類別統計,,,各地區旅客人數統計,,,,,,,,,,,,,,
,No. of Guests by Type,,,No. of Guests by Country / Region,,,,,,,,,,,,,,
旅館名稱,FIT類別,GROUP類別,類別合計,本國,大陸,日本,韓國,港澳,新加坡,馬來西亞,其他亞洲地區,北美,歐洲,紐澳,其他,華僑,合計,
Hotel Name,FIT,GROUP,Total,Domestic,China,Japan,Korea,HK & Macao,Singapore,Malaysia,Asia(Other Asia Region),North American,Europe,NZ & AU,Other,Chinese Overseas,Total,
陽明山中國麗緻大飯店,712,127,839,336,45,19,0,0,0,0,45,21,0,2,335,36,839,
Hotel Landis China Yangmingshan,,,,,,,,,,,,,,,,,,
趣淘漫旅(原曾文.山芙蓉渡假大酒店),"6,296","2,914","9,210","9,210",0,0,0,0,0,0,0,0,0,0,0,0,"9,210",
HOTEL CHAM CHAM,,,,,,,,,,,,,,,,,,
高雄圓山大飯店,875,"2,330","3,205","1,087",900,"1,080",21,6,0,0,34,17,42,12,6,0,"3,205",
Grand Hotel Kaohsiung,,,,,,,,,,,,,,,,,,
礁溪老爺大酒店,"6,394","2,242","8,636","7,735",136,86,1,316,103,51,35,140,21,12,0,0,"8,636",
Hotel Royal Chiao-His,,,,,,,,,,,,,,,,,,
涵碧樓大飯店,"2,617","1,907","4,524","3,332",142,402,15,127,68,54,77,232,56,11,8,0,"4,524",
The Lalu Sun Moon Lake,,,,,,,,,,,,,,,,,,
雲品溫泉酒店日月潭,"4,941","6,247","11,188","9,458",211,191,30,636,221,4,38,125,8,0,266,0,"11,188",
Fleur De Chine Hotel,,,,,,,,,,,,,,,,,,
日月行館,"1,090",879,"1,969","1,851",38,21,0,0,0,0,10,39,0,0,10,0,"1,969",
Wen Wan Hotel & Resorts,,,,,,,,,,,,,,,,,,
凱撒大飯店,"16,252","3,437","19,689","16,691","1,678",62,95,686,102,0,66,193,116,0,0,0,"19,689",
Caesar Park Hotel Kenting,,,,,,,,,,,,,,,,,,
墾丁福華渡假飯店,"13,372","11,958","25,330","21,525","2,238",281,81,386,283,61,85,198,153,16,23,0,"25,330",
Howard Beach Resort Kenting,,,,,,,,,,,,,,,,,,
東方渡假酒店,775,"1,499","2,274","2,249",3,0,0,8,0,3,4,6,1,0,0,0,"2,274",
Dong Fang Du Jia Jiudian Hotel,,,,,,,,,,,,,,,,,,
知本老爺大酒店,"3,026","1,510","4,536","3,844",120,51,0,130,70,89,34,100,96,2,0,0,"4,536",
Hotel Royal Chihpen Spa,,,,,,,,,,,,,,,,,,
太魯閣晶英酒店,"5,759","2,895","8,654","7,753",71,35,0,0,0,0,109,298,370,18,0,0,"8,654",
"Silks Place Hotel, Taroko",,,,,,,,,,,,,,,,,,
福容大飯店 福隆,"3,668","2,311","5,979","3,848","2,076",6,0,2,0,2,23,6,12,0,4,0,"5,979",
Fulong Beach Resort Hotel,,,,,,,,,,,,,,,,,,
龍谷大飯店,333,"1,777","2,110","2,110",0,0,0,0,0,0,0,0,0,0,0,0,"2,110",
Dragon Valley Hotel,,,,,,,,,,,,,,,,,,
阿里山賓館,434,186,620,388,22,10,0,0,0,0,27,9,2,2,160,0,620,
Alishan House,,,,,,,,,,,,,,,,,,
名都觀光渡假大飯店,116,"1,062","1,178",767,411,0,0,0,0,0,0,0,0,0,0,0,"1,178",
Beau Max Resort Hotel,,,,,,,,,,,,,,,,,,
阿里山賓館(新館),"2,117",908,"3,025","1,894",108,49,0,0,0,0,133,46,8,11,776,0,"3,025",
Alishan House,,,,,,,,,,,,,,,,,,
墾丁怡灣渡假酒店,291,190,481,453,9,0,0,19,0,0,0,0,0,0,0,0,481,
Grand Bay Resort,,,,,,,,,,,,,,,,,,
總計,"69,068","44,379","113,447","94,531","8,208","2,293",243,"2,316",847,264,720,"1,430",885,86,"1,588",36,"113,447",
Total,,,,,,,,,,,,,,,,,,
,,,,,,,,,,,,,,,,,,
觀光旅館營運月報表單月-彙整表 (Monthly Report on Tourist Hotel Operations in Taiwan),,,,,,,,,,,,,,,,,,
列印日期：,2017/12/4,桃竹苗地區 TauHsiuMiao,,資料期間：,,2017年6月至2017年6月(Data for 2017/6∼2017/6),,,,,,,,,,,,
,住客類別統計,,,各地區旅客人數統計,,,,,,,,,,,,,,
,No. of Guests by Type,,,No. of Guests by Country / Region,,,,,,,,,,,,,,
旅館名稱,FIT類別,GROUP類別,類別合計,本國,大陸,日本,韓國,港澳,新加坡,馬來西亞,其他亞洲地區,北美,歐洲,紐澳,其他,華僑,合計,
Hotel Name,FIT,GROUP,Total,Domestic,China,Japan,Korea,HK & Macao,Singapore,Malaysia,Asia(Other Asia Region),North American,Europe,NZ & AU,Other,Chinese Overseas,Total,
晶悅國際飯店(原桃園大飯店),650,"6,421","7,071",220,"1,902",167,"1,961",0,0,0,0,24,6,1,"2,790",0,"7,071",
Pleasant Hotels International,,,,,,,,,,,,,,,,,,
尊爵天際大飯店,"4,436","4,183","8,619",295,487,189,"4,092",0,0,0,313,336,414,24,"2,369",100,"8,619",
Ｍonarch-Skyline Hotel,,,,,,,,,,,,,,,,,,
南方莊園,"3,154","1,353","4,507","4,166",10,13,0,0,0,0,84,11,2,0,202,19,"4,507",
South Gardens Resort,,,,,,,,,,,,,,,,,,
台北諾富特華航桃園機場飯店,"11,207","1,062","12,269","3,210",504,"2,355",77,73,70,80,"3,356","1,550",768,173,53,0,"12,269",
Novotel Taipei Taoyuan International Airport,,,,,,,,,,,,,,,,,,
新竹喜來登大飯店,"9,601",809,"10,410","2,418",844,349,504,77,585,202,946,"3,805",630,15,35,0,"10,410",
Sheraton Hsinchu Hotel,,,,,,,,,,,,,,,,,,
新竹老爺大酒店,"4,545",788,"5,333","2,124",628,738,236,80,108,101,119,636,519,7,37,0,"5,333",
Hotel Royal Hsinchu,,,,,,,,,,,,,,,,,,
新竹國賓大飯店,"6,367",798,"7,165","2,536",403,416,364,129,155,161,283,"1,126","1,524",38,30,0,"7,165",
The Ambassador Hotel Hsinchu,,,,,,,,,,,,,,,,,,
尊爵大飯店,"1,645","4,541","6,186",241,364,"1,807","1,381",58,25,48,"1,046",294,162,27,733,0,"6,186",
Monarch Plaza Hotel,,,,,,,,,,,,,,,,,,
古華花園飯店,"7,228","1,184","8,412","2,422","1,208",484,864,336,433,292,219,612,506,76,960,0,"8,412",
Hotel Kuva Chateau,,,,,,,,,,,,,,,,,,
福容大飯店 桃園,"3,679","1,564","5,243","1,137",865,323,"1,181",922,97,36,70,173,176,21,242,0,"5,243",
Fullon Hotel Taoyuan,,,,,,,,,,,,,,,,,,
福容大飯店 林口,"3,375",652,"4,027","1,427",620,744,228,76,34,30,155,193,242,10,268,0,"4,027",
Fullon Hotel Linkou,,,,,,,,,,,,,,,,,,
豐邑喜來登大飯店,"2,400",202,"2,602",603,211,87,126,19,146,51,237,951,158,4,9,0,"2,602",
Sheraton Fongyi Hotel,,,,,,,,,,,,,,,,,,
苗栗兆品酒店,"3,439","2,181","5,620","3,869",932,218,320,22,25,16,77,53,74,8,6,0,"5,620",
Miaoli Maison De Chine,,,,,,,,,,,,,,,,,,
總計,"61,726","25,738","87,464","24,668","8,978","7,890","11,334","1,792","1,678","1,017","6,905","9,764","5,181",404,"7,734",119,"87,464",
Total,,,,,,,,,,,,,,,,,,
,,,,,,,,,,,,,,,,,,
觀光旅館營運月報表單月-彙整表 (Monthly Report on Tourist Hotel Operations in Taiwan),,,,,,,,,,,,,,,,,,
列印日期：,2017/12/4,其他地區 Other,,資料期間：,,2017年6月至2017年6月(Data for 2017/6∼2017/6),,,,,,,,,,,,
,住客類別統計,,,各地區旅客人數統計,,,,,,,,,,,,,,
,No. of Guests by Type,,,No. of Guests by Country / Region,,,,,,,,,,,,,,
旅館名稱,FIT類別,GROUP類別,類別合計,本國,大陸,日本,韓國,港澳,新加坡,馬來西亞,其他亞洲地區,北美,歐洲,紐澳,其他,華僑,合計,
Hotel Name,FIT,GROUP,Total,Domestic,China,Japan,Korea,HK & Macao,Singapore,Malaysia,Asia(Other Asia Region),North American,Europe,NZ & AU,Other,Chinese Overseas,Total,
福容大飯店 淡水漁人碼頭,"2,488","1,884","4,372","3,942",134,18,16,53,5,14,5,35,10,17,123,0,"4,372",
Fullon Hotel Tamsui Fishermen’s Wharf,,,,,,,,,,,,,,,,,,
大板根渡假酒店,"1,923","4,488","6,411","6,332",23,0,0,2,0,41,0,0,0,0,13,0,"6,411",
The Great Roots Resort Hotel,,,,,,,,,,,,,,,,,,
台南大飯店,"2,370",532,"2,902","1,454",212,996,0,0,0,0,145,50,19,15,11,0,"2,902",
Hotel Tainan,,,,,,,,,,,,,,,,,,
大億麗緻酒店,"7,536","4,193","11,729","8,381",520,"1,310",93,228,51,33,184,447,385,26,71,0,"11,729",
Tayih Landis Tainan,,,,,,,,,,,,,,,,,,
台糖長榮酒店(台南),"7,548","1,325","8,873","7,019",629,353,0,0,0,0,433,244,124,60,11,0,"8,873",
Evergreen Plaza Hotel(Tainan),,,,,,,,,,,,,,,,,,
香格里拉台南遠東國際大飯店,"9,564","2,903","12,467","8,339","1,152",714,0,0,0,0,752,935,440,61,74,0,"12,467",
"Shangri-La’s Far Eastern Plaza Hotel,Tainan",,,,,,,,,,,,,,,,,,
義大皇家酒店,"13,784","14,718","28,502","27,056",396,36,64,568,38,45,154,50,16,9,70,0,"28,502",
E-DA Royal Hotel,,,,,,,,,,,,,,,,,,
蘭城晶英酒店,"11,627","1,054","12,681","11,668",28,0,0,674,101,29,0,138,34,9,0,0,"12,681",
Silks Place Yilan,,,,,,,,,,,,,,,,,,
長榮鳳凰酒店(礁溪),"6,268","3,758","10,026","9,515",132,22,15,165,52,16,22,72,6,9,0,0,"10,026",
Evergreen Resort Hotel(Jiaosi),,,,,,,,,,,,,,,,,,
綠舞國際觀光飯店,373,0,373,373,0,0,0,0,0,0,0,0,0,0,0,0,373,
Dancewoods Hotels and Resorts,,,,,,,,,,,,,,,,,,
娜路彎大酒店,"3,355","4,262","7,617","5,543","1,831",16,8,26,0,0,89,74,0,1,29,0,"7,617",
Formosan Naruwan Hotel & Resort Taitung,,,,,,,,,,,,,,,,,,
澎湖福朋喜來登酒店,"5,821","6,688","12,509","12,238",71,8,4,22,4,0,132,30,0,0,0,0,"12,509",
Four Point by Sheraton Penghu,,,,,,,,,,,,,,,,,,
耐斯王子大飯店,"1,661","5,958","7,619","5,428","1,425",132,26,28,130,35,69,269,16,13,48,0,"7,619",
Nice Prince Hotel,,,,,,,,,,,,,,,,,,
和昇帝景飯店,"1,304",0,"1,304","1,247",36,0,10,0,6,4,0,0,1,0,0,0,"1,304",
lake.sunriseinn,,,,,,,,,,,,,,,,,,
福朋喜來登飯店,"3,464",166,"3,630","1,389",514,123,121,95,125,23,90,828,269,11,42,0,"3,630",
"Four Points By Sheraton Taipei, Zhonghe",,,,,,,,,,,,,,,,,,
碧特弗大飯店,537,346,883,498,310,2,8,4,6,2,11,16,10,3,5,8,883,
Beautiful Hotel,,,,,,,,,,,,,,,,,,
美麗春天大飯店,316,325,641,370,217,2,6,2,2,2,9,14,8,2,1,6,641,
Beautiful Hotel,,,,,,,,,,,,,,,,,,
遠百企業觀光旅館,78,0,78,78,0,0,0,0,0,0,0,0,0,0,0,0,78,
Far Eastem Geant Tourist Hotel,,,,,,,,,,,,,,,,,,
幼獅大飯店,96,122,218,217,0,1,0,0,0,0,0,0,0,0,0,0,218,
Lion Hotel,,,,,,,,,,,,,,,,,,
山泉大飯店,516,"3,264","3,780","2,474",946,12,0,0,0,0,340,2,0,0,6,0,"3,780",
Sun Spring Resort,,,,,,,,,,,,,,,,,,
悅川酒店,"2,913","1,244","4,157","3,963",37,2,8,72,28,0,0,24,23,0,0,0,"4,157",
The Walden,,,,,,,,,,,,,,,,,,
台東桂田喜來登,"3,258","3,980","7,238","6,485",315,22,6,147,147,57,0,52,7,0,0,0,"7,238",
QUEENAPLAZA HOTEL TAITUNG,,,,,,,,,,,,,,,,,,
寶華大飯店,590,"1,225","1,815","1,805",1,0,0,3,0,0,0,0,6,0,0,0,"1,815",
Bowa Hotel,,,,,,,,,,,,,,,,,,
長榮桂冠酒店(基隆),"3,359","2,676","6,035","5,104",361,98,0,0,0,0,290,41,72,5,8,56,"6,035",
Evergreen Laurel Hotel (Keelung),,,,,,,,,,,,,,,,,,
鈺通大飯店,660,717,"1,377",563,492,25,1,12,14,0,103,0,0,0,167,0,"1,377",
Yuh-Tong Hotel,,,,,,,,,,,,,,,,,,
陸島酒店,359,"1,758","2,117","1,589",499,0,0,0,0,0,0,0,0,0,29,0,"2,117",
LUDAO HOTEL,,,,,,,,,,,,,,,,,,
總計,"91,768","67,586","159,354","133,070","10,281","3,892",386,"2,101",709,301,"2,828","3,321","1,446",241,708,70,"159,354",
Total,,,,,,,,,,,,,,,,,,
