觀光旅館營運月報表單月-彙整表 (Monthly Report on Tourist Hotel Operations in Taiwan),,,,,,,,,,,,,,,,,,
列印日期：,,43423,,資料期間：,,2018年5月至2018年5月(Data for 2018/5∼2018/5),,,,,,,,,,,,
,,住用及營收概況,,,,,,各部門職工概況(No. of Employees),,,,,,,,,,
地區名稱,,客房住用數,住用率,平均房價,房租收入,餐飲收入,總營業收入,客房部,餐飲部,管理部,其他部門,員工合計,,,,,,
Region,,No. of Rooms Occupied,Occupancy Rate,Average Room Rate,Room Revenue,F & B Revenue,Total Revenue,Room Dep.,F&B Dep.,Adm. Dep.,Other Dep.,Total,,,,,,
臺北地區 Taipei,國際Internation,186918,0.6797,4648,868752996,1058789833,2252883726,2898,5202,1830,850,10780,,,,,,
臺北地區 Taipei,一般Standard,52517,0.6776,3505,184094370,170324750,401303870,774,1029,440,271,2514,,,,,,
臺北地區 Taipei,小計SubTotal,239435,0.6792,4397,1052847366,1229114583,2654187596,3672,6231,2270,1121,13294,,,,,,
高雄地區 Kaohsiung,國際Internation,49694,0.5549,2219,110286600,170343839,322271266,816,1240,305,359,2720,,,,,,
高雄地區 Kaohsiung,一般Standard,4893,0.3976,2031,9938760,14872567,26540636,100,112,58,4,274,,,,,,
高雄地區 Kaohsiung,小計SubTotal,54587,0.5359,2202,120225360,185216406,348811902,916,1352,363,363,2994,,,,,,
臺中地區 Taichung,國際Internation,19627,0.5568,2356,46243026,67588248,137459370,361,509,170,89,1129,,,,,,
臺中地區 Taichung,一般Standard,6726,0.6217,2680,18027687,28737843,51881548,113,175,37,42,367,,,,,,
臺中地區 Taichung,小計SubTotal,26353,0.5721,2439,64270713,96326091,189340918,474,684,207,131,1496,,,,,,
花蓮地區 Hualien,國際Internation,15995,0.4742,2136,34169089,30195833,70738469,243,234,91,145,713,,,,,,
花蓮地區 Hualien,小計SubTotal,15995,0.4742,2136,34169089,30195833,70738469,243,234,91,145,713,,,,,,
風景區 Scenic Area,國際Internation,40732,0.6149,4754,193637572,102710050,321548717,710,793,285,549,2337,,,,,,
風景區 Scenic Area,一般Standard,7655,0.2943,3816,29209623,15299693,46136099,140,140,73,92,445,,,,,,
風景區 Scenic Area,小計SubTotal,48387,0.5245,4606,222847195,118009743,367684816,850,933,358,641,2782,,,,,,
桃竹苗地區 TauHsiuMiao,國際Internation,46757,0.6549,2809,131355257,152917650,314184516,537,960,296,212,2005,,,,,,
桃竹苗地區 TauHsiuMiao,一般Standard,23019,0.5334,2499,57530395,50210997,114273813,274,347,85,67,773,,,,,,
桃竹苗地區 TauHsiuMiao,小計SubTotal,69776,0.6092,2707,188885652,203128647,428458329,811,1307,381,279,2778,,,,,,
其他地區 Other,國際Internation,62255,0.487,3528,219609079,271695419,544227145,1050,1789,723,501,4063,,,,,,
其他地區 Other,一般Standard,17941,0.4411,2338,41939538,28951650,76799468,283,257,133,45,718,,,,,,
其他地區 Other,小計SubTotal,80196,0.4759,3261,261548617,300647069,621026613,1333,2046,856,546,4781,,,,,,
,總計 Total,534729,0.588,3637,1944793992,2162638372,4680248643,8299,12787,4526,3226,28838,,,,,,
,,,,,,,,,,,,,,,,,,
類別,客房數,客房住用數,住用率,平均房價,房租收入,餐飲收入,總營業收入,客房部,餐飲部,管理部,其他部門,員工合計,,,,,,
Kind,No. of Rooms,No. of Rooms Occupied,Occupancy Rate,Average Room Rate,Room Revenue,F & B Revenue,Total Revenue,Room Dep.,F&B Dep.,Adm. Dep.,Other Dep.,Total,,,,,,
國際Internation,22549,421978,0.6037,3801,1604053619,1854240872,3963313209,6615,10727,3700,2705,23747,,,,,,
一般Standard,6789,112751,0.5357,3022,340740373,308397500,716935434,1684,2060,826,521,5091,,,,,,
小計SubTotal,29338,534729,0.588,3637,1944793992,2162638372,4680248643,8299,12787,4526,3226,28838,,,,,,
,,,,,,,,,,,,,,,,,,
觀光旅館營運月報表單月-彙整表 (Monthly Report on Tourist Hotel Operations in Taiwan),,,,,,,,,,,,,,,,,,
列印日期：,43423,臺北地區 Taipei,,資料期間：,,2018年5月至2018年5月(Data for 2018/5∼2018/5),,,,,,,,,,,,
,住用及營收概況,,,,,各部門職工概況(No. of Employees),,,,,,,,,,,,
旅館名稱,客房數,客房住用數,住用率,平均房價,房租收入,餐飲收入,總營業收入,客房部,餐飲部,管理部,其他部門,員工合計,,,,,,
Hotel Name,No. of Rooms,No. of Rooms Occupied,Occupancy Rate,Average Room Rate,Room Revenue,F & B Revenue,Total Revenue,Room Dep.,F&B Dep.,Adm. Dep.,Other Dep.,Total,,,,,,
圓山大飯店,500,9199,0.5935,3871,35607573,52789026,99957447,134,286,160,58,638,,,,,,
The Grand Hotel,,,,,,,,,,,,,,,,,,
國賓大飯店,422,9047,0.6916,3787,34265491,72690961,114468510,111,336,46,72,565,,,,,,
The Ambassador Hotel-Taipei,,,,,,,,,,,,,,,,,,
台北華國大飯店,326,6340,0.6274,2993,18974078,7968525,49878783,82,71,4,47,204,,,,,,
Imperial Hotel Taipei,,,,,,,,,,,,,,,,,,
華泰王子大飯店,210,4754,0.7303,2904,13804064,10664811,26825762,76,85,72,10,243,,,,,,
GLORIA PRINCE HOTEL Taipei,,,,,,,,,,,,,,,,,,
國王大飯店,97,1725,0.5737,1613,2782892,697287,3578859,35,12,20,0,67,,,,,,
Emperor Hotel,,,,,,,,,,,,,,,,,,
豪景大酒店,209,4028,0.6217,1909,7688977,2266218,10219136,43,17,12,0,72,,,,,,
Hotel Riverview Taipei,,,,,,,,,,,,,,,,,,
台北凱撒大飯店,478,11085,0.7481,3432,38043800,20744949,63949840,104,122,22,44,292,,,,,,
Caesar Park Taipei,,,,,,,,,,,,,,,,,,
康華大飯店,215,3315,0.4974,2436,8074055,10346774,19180515,57,80,36,0,173,,,,,,
Golden China Hotel,,,,,,,,,,,,,,,,,,
神旺大飯店,268,6484,0.7805,2744,17793942,29270253,51183453,84,218,67,0,369,,,,,,
San Want Hotel,,,,,,,,,,,,,,,,,,
兄弟大飯店,250,4609,0.5947,3325,15323404,42717043,62507718,110,295,72,13,490,,,,,,
Brother Hotel,,,,,,,,,,,,,,,,,,
三德大飯店,277,6380,0.743,1719,10969686,5833738,20749605,57,61,6,43,167,,,,,,
Santos Hotel,,,,,,,,,,,,,,,,,,
亞都麗緻大飯店,209,3766,0.5813,4114,15491571,17805575,39189331,75,104,36,41,256,,,,,,
The Landis Taipei Hotel,,,,,,,,,,,,,,,,,,
國聯大飯店,243,4789,0.6357,2042,9778576,1434581,12458413,67,31,6,45,149,,,,,,
United Hotel,,,,,,,,,,,,,,,,,,
台北寒舍喜來登大飯店,688,13464,0.6313,5302,71387473,104113212,194125941,193,422,250,32,897,,,,,,
Sheraton Grand Taipei Hotel,,,,,,,,,,,,,,,,,,
老爺大酒店,202,5685,0.9079,4771,27121829,24457555,58894880,77,144,25,45,291,,,,,,
Hotel Royal-Nikko Taipei,,,,,,,,,,,,,,,,,,
福華大飯店,606,8059,0.429,4075,32842000,44705000,94910000,206,294,67,74,641,,,,,,
Howard Plaza Hotel,,,,,,,,,,,,,,,,,,
台北君悅酒店,850,20552,0.78,5925,121760996,97789425,247490815,126,350,176,75,727,,,,,,
Grand Hyatt Taipei,,,,,,,,,,,,,,,,,,
晶華酒店,538,12121,0.7268,5869,71141064,152529272,292248607,278,575,166,20,1039,,,,,,
Regent Taipei,,,,,,,,,,,,,,,,,,
西華大飯店,343,7284,0.685,4454,32440367,22658692,61648515,112,157,37,78,384,,,,,,
The Sherwood Hotel Taipei,,,,,,,,,,,,,,,,,,
香格里拉台北遠東國際大飯店,420,7771,0.5969,6378,49561945,53568596,120247883,158,217,67,82,524,,,,,,
"Shangri-La's Far Eastern Plaza Hotel, Taipei",,,,,,,,,,,,,,,,,,
台北威斯汀六福皇宮,288,6888,0.7715,5836,40199002,55240256,105462254,176,272,151,0,599,,,,,,
The Westin Taipei,,,,,,,,,,,,,,,,,,
美麗信花園酒店,203,5062,0.8044,2292,11601618,6623086,24309409,80,68,31,0,179,,,,,,
Miramar Garden Taipei,,,,,,,,,,,,,,,,,,
台北寒舍艾美酒店,160,4109,0.8284,8943,36745225,58133965,109349591,100,236,0,71,407,,,,,,
Le Meridien Taipei Hotel,,,,,,,,,,,,,,,,,,
台北W飯店,405,10402,0.8285,8249,85810647,52299445,156601975,161,199,104,0,464,,,,,,
W Taipei,,,,,,,,,,,,,,,,,,
台北萬豪酒店,318,7911,0.8025,5843,46226524,60999358,144811055,137,309,127,0,573,,,,,,
Taipei Marriott Hotel,,,,,,,,,,,,,,,,,,
台北美福大飯店,146,2089,0.4616,6374,13316197,50442230,68635429,59,241,70,0,370,,,,,,
Grand Mayfull Hotel Taipei,,,,,,,,,,,,,,,,,,
亞士都飯店,40,312,0.2516,2446,763071,0,763071,13,0,5,0,18,,,,,,
Astar Hotel,,,,,,,,,,,,,,,,,,
第一大飯店,176,3204,0.5872,1608,5150936,3310397,26373300,14,0,19,12,45,,,,,,
First Hotel,,,,,,,,,,,,,,,,,,
六福客棧,226,4030,0.5752,1430,5761951,8134455,14448095,42,83,7,26,158,,,,,,
The Leofoo Hotel,,,,,,,,,,,,,,,,,,
洛痐j飯店花華本館,112,2470,0.7114,1815,4483801,0,4483801,9,0,2,8,19,,,,,,
Flora Hotel Main,,,,,,,,,,,,,,,,,,
歐華酒店,112,1130,0.3255,3238,3659035,5621773,10464764,41,48,28,0,117,,,,,,
The Riviera Hotel,,,,,,,,,,,,,,,,,,
慶泰大飯店,150,3232,0.6951,2818,9107439,5593966,15159417,32,59,30,12,133,,,,,,
Gala Hotel,,,,,,,,,,,,,,,,,,
天成大飯店,225,6302,0.9035,2994,18870970,21702337,43041001,76,129,50,63,318,,,,,,
Cosmos Hotel TAIPEI,,,,,,,,,,,,,,,,,,
福容大飯店 台北一館,120,2234,0.6005,2904,6488443,9337000,16917225,40,70,7,11,128,,,,,,
"Fullon Hotel Taipei,Central",,,,,,,,,,,,,,,,,,
首都大飯店,129,3249,0.8125,3206,10415122,3346825,14010593,29,39,38,0,106,,,,,,
Capital Hotel,,,,,,,,,,,,,,,,,,
台北君品大酒店,286,6331,0.7141,4669,29558855,47065152,80719276,130,167,71,0,368,,,,,,
Palais De Chine Hotel Taipei,,,,,,,,,,,,,,,,,,
台北花園大酒店,241,5957,0.7973,2403,14312019,19025597,36579677,63,99,28,27,217,,,,,,
Taipei Garden Hotel,,,,,,,,,,,,,,,,,,
日勝生加賀屋國際溫泉飯店,90,1156,0.4143,5631,6509368,6450553,15714373,79,59,37,14,189,,,,,,
Radium-Kagaya,,,,,,,,,,,,,,,,,,
北投麗禧溫泉酒店,66,896,0.4379,12123,10862285,8907606,23021708,38,75,4,70,187,,,,,,
Grand View Resort Beitou,,,,,,,,,,,,,,,,,,
寒舍艾麗酒店,232,5747,0.7991,6145,35314815,24022458,65525020,84,113,52,0,249,,,,,,
Humble House Hotel Taipei,,,,,,,,,,,,,,,,,,
北投老爺酒店,50,613,0.3955,4915,3013191,2112305,5959060,21,30,19,20,90,,,,,,
Hotel Royal Beitou,,,,,,,,,,,,,,,,,,
台北有園飯店,56,1280,0.7373,2536,3246565,241946,3629697,8,6,7,3,24,,,,,,
U HOTEL TAIPEI,,,,,,,,,,,,,,,,,,
量子酒店,101,1954,0.6241,3518,6874945,4779846,12856333,35,38,20,0,93,,,,,,
S Hotel,,,,,,,,,,,,,,,,,,
台北中山雅樂軒酒店,88,2420,0.8871,4009,9701559,672534,11637459,20,14,16,5,55,,,,,,
Aloft Taipei Zhongshan,,,,,,,,,,,,,,,,,,
總計,11371,239435,0.6792,4397,1052847366,1229114583,2654187596,3672,6231,2270,1121,13294,,,,,,
Total,,,,,,,,,,,,,,,,,,
,,,,,,,,,,,,,,,,,,
觀光旅館營運月報表單月-彙整表 (Monthly Report on Tourist Hotel Operations in Taiwan),,,,,,,,,,,,,,,,,,
列印日期：,43423,高雄地區 Kaohsiung,,資料期間：,,2018年5月至2018年5月(Data for 2018/5∼2018/5),,,,,,,,,,,,
,住用及營收概況,,,,,各部門職工概況(No. of Employees),,,,,,,,,,,,
旅館名稱,客房數,客房住用數,住用率,平均房價,房租收入,餐飲收入,總營業收入,客房部,餐飲部,管理部,其他部門,員工合計,,,,,,
Hotel Name,No. of Rooms,No. of Rooms Occupied,Occupancy Rate,Average Room Rate,Room Revenue,F & B Revenue,Total Revenue,Room Dep.,F&B Dep.,Adm. Dep.,Other Dep.,Total,,,,,,
華王大飯店,297,2454,0.2665,1484,3641669,1798847,5518964,37,29,32,2,100,,,,,,
Hotel Kingdom,,,,,,,,,,,,,,,,,,
華園大飯店,269,2510,0.301,1770,4442725,2023091,14015390,43,37,32,0,112,,,,,,
Hotel Holiday Garden Kaohsiung,,,,,,,,,,,,,,,,,,
高雄國賓大飯店,453,9860,0.7021,1918,18913178,30996510,51814197,121,162,20,59,362,,,,,,
The Ambassador Hotel Kaohsiung,,,,,,,,,,,,,,,,,,
漢來大飯店,436,7904,0.5848,3604,28482862,59578400,103012041,200,458,8,205,871,,,,,,
GRAND HI-LAI HOTEL,,,,,,,,,,,,,,,,,,
高雄福華大飯店,271,5833,0.6943,2184,12742000,17442000,33298000,90,141,36,23,290,,,,,,
Howard Plaza Hotel Kaohsiung,,,,,,,,,,,,,,,,,,
君鴻國際酒店,585,10357,0.5711,2044,21174790,26333010,58595578,150,188,130,22,490,,,,,,
85 SKY TOWER HOTEL,,,,,,,,,,,,,,,,,,
寒軒國際大飯店,380,7193,0.6106,1846,13276031,15441084,30010204,106,124,35,23,288,,,,,,
Han-Hsien lnternational Hotel,,,,,,,,,,,,,,,,,,
麗尊大酒店,198,3583,0.5837,2125,7613345,16730897,26006892,69,101,12,25,207,,,,,,
The Lees Hotel,,,,,,,,,,,,,,,,,,
晶英國際行館,147,406,0.0891,6420,2606661,10940388,15249781,60,78,50,0,188,,,,,,
Silks Club,,,,,,,,,,,,,,,,,,
福容大飯店 高雄,250,4487,0.579,1634,7332099,3932179,11290855,40,34,8,4,86,,,,,,
Fullon Hotel Kaohsiung,,,,,,,,,,,,,,,,,,
總計,3286,54587,0.5359,2202,120225360,185216406,348811902,916,1352,363,363,2994,,,,,,
Total,,,,,,,,,,,,,,,,,,
,,,,,,,,,,,,,,,,,,
觀光旅館營運月報表單月-彙整表 (Monthly Report on Tourist Hotel Operations in Taiwan),,,,,,,,,,,,,,,,,,
列印日期：,43423,臺中地區 Taichung,,資料期間：,,2018年5月至2018年5月(Data for 2018/5∼2018/5),,,,,,,,,,,,
,住用及營收概況,,,,,各部門職工概況(No. of Employees),,,,,,,,,,,,
旅館名稱,客房數,客房住用數,住用率,平均房價,房租收入,餐飲收入,總營業收入,客房部,餐飲部,管理部,其他部門,員工合計,,,,,,
Hotel Name,No. of Rooms,No. of Rooms Occupied,Occupancy Rate,Average Room Rate,Room Revenue,F & B Revenue,Total Revenue,Room Dep.,F&B Dep.,Adm. Dep.,Other Dep.,Total,,,,,,
全國大飯店,178,2995,0.5428,2097,6281675,14837548,23622006,51,154,23,20,248,,,,,,
Hotel National,,,,,,,,,,,,,,,,,,
通豪大飯店,228,1796,0.2541,1665,2990349,2415726,5789595,16,23,11,0,50,,,,,,
Plaza International Hotel,,,,,,,,,,,,,,,,,,
長榮桂冠酒店(台中),354,7713,0.7028,2270,17508292,22464100,44928801,89,122,49,5,265,,,,,,
Evergreen Laurel Hotel (Taichung),,,,,,,,,,,,,,,,,,
台中福華大飯店,155,2161,0.4497,2623,5669108,8289487,16895984,47,94,18,35,194,,,,,,
Howard Prince Hotel Taichung,,,,,,,,,,,,,,,,,,
台中金典酒店,222,4962,0.721,2780,13793602,19581387,46222984,158,116,69,29,372,,,,,,
The Splendor Hotel Taichung,,,,,,,,,,,,,,,,,,
裕元花園酒店,149,3335,0.722,3215,10721307,27553501,42756989,61,162,21,34,278,,,,,,
Windsor Hotel,,,,,,,,,,,,,,,,,,
台中港酒店,200,3391,0.5469,2155,7306380,1184342,9124559,52,13,16,8,89,,,,,,
Taichung Harbor Hotel,,,,,,,,,,,,,,,,,,
總計,1486,26353,0.5721,2439,64270713,96326091,189340918,474,684,207,131,1496,,,,,,
Total,,,,,,,,,,,,,,,,,,
,,,,,,,,,,,,,,,,,,
觀光旅館營運月報表單月-彙整表 (Monthly Report on Tourist Hotel Operations in Taiwan),,,,,,,,,,,,,,,,,,
列印日期：,43423,花蓮地區 Hualien,,資料期間：,,2018年5月至2018年5月(Data for 2018/5∼2018/5),,,,,,,,,,,,
,住用及營收概況,,,,,各部門職工概況(No. of Employees),,,,,,,,,,,,
旅館名稱,客房數,客房住用數,住用率,平均房價,房租收入,餐飲收入,總營業收入,客房部,餐飲部,管理部,其他部門,員工合計,,,,,,
Hotel Name,No. of Rooms,No. of Rooms Occupied,Occupancy Rate,Average Room Rate,Room Revenue,F & B Revenue,Total Revenue,Room Dep.,F&B Dep.,Adm. Dep.,Other Dep.,Total,,,,,,
花蓮亞士都飯店,167,1332,0.2573,1017,1354000,370000,1743798,19,5,7,0,31,,,,,,
Astar Hotel,,,,,,,,,,,,,,,,,,
花蓮翰品酒店,197,3973,0.6506,2064,8202248,11552628,20818090,56,60,27,0,143,,,,,,
Hualien Chateau de Chine Hotel,,,,,,,,,,,,,,,,,,
美侖大飯店,343,6477,0.6091,1837,11899117,8200526,20831965,61,78,16,69,224,,,,,,
Parkview Hotel,,,,,,,,,,,,,,,,,,
遠雄悅來大飯店,381,4213,0.3567,3018,12713724,10072679,27344616,107,91,41,76,315,,,,,,
"Farglory Hotel, Hualien",,,,,,,,,,,,,,,,,,
總計,1088,15995,0.4742,2136,34169089,30195833,70738469,243,234,91,145,713,,,,,,
Total,,,,,,,,,,,,,,,,,,
,,,,,,,,,,,,,,,,,,
觀光旅館營運月報表單月-彙整表 (Monthly Report on Tourist Hotel Operations in Taiwan),,,,,,,,,,,,,,,,,,
列印日期：,43423,風景區 Scenic Area,,資料期間：,,2018年5月至2018年5月(Data for 2018/5∼2018/5),,,,,,,,,,,,
,住用及營收概況,,,,,各部門職工概況(No. of Employees),,,,,,,,,,,,
旅館名稱,客房數,客房住用數,住用率,平均房價,房租收入,餐飲收入,總營業收入,客房部,餐飲部,管理部,其他部門,員工合計,,,,,,
Hotel Name,No. of Rooms,No. of Rooms Occupied,Occupancy Rate,Average Room Rate,Room Revenue,F & B Revenue,Total Revenue,Room Dep.,F&B Dep.,Adm. Dep.,Other Dep.,Total,,,,,,
陽明山中國麗緻大飯店,47,398,0.2732,4073,1621000,1722425,4992761,11,12,6,19,48,,,,,,
Hotel Landis China Yangmingshan,,,,,,,,,,,,,,,,,,
趣淘漫旅,198,3194,0.5204,2147,6858055,4741704,13356101,45,36,0,44,125,,,,,,
HOTEL CHAM CHAM,,,,,,,,,,,,,,,,,,
高雄圓山大飯店,107,1614,0.4866,1934,3121113,7381251,11555154,28,75,15,35,153,,,,,,
Grand Hotel Kaohsiung,,,,,,,,,,,,,,,,,,
礁溪老爺大酒店,193,3441,0.5751,6018,20707636,19346445,45297787,84,118,67,42,311,,,,,,
Hotel Royal Chiao-His,,,,,,,,,,,,,,,,,,
涵碧樓大飯店,96,2387,0.8021,11343,27075286,4218107,33814058,76,103,21,68,268,,,,,,
The Lalu Sun Moon Lake,,,,,,,,,,,,,,,,,,
雲品溫泉酒店日月潭,211,4677,0.715,7210,33720574,22558662,59876061,97,135,65,28,325,,,,,,
Fleur De Chine Hotel,,,,,,,,,,,,,,,,,,
日月行館,92,664,0.2328,10465,6948526,2691889,9835706,21,44,18,6,89,,,,,,
Wen Wan Hotel & Resorts,,,,,,,,,,,,,,,,,,
凱撒大飯店,281,7377,0.8469,4336,31986205,12686007,46521477,100,73,18,71,262,,,,,,
Caesar Park Hotel Kenting,,,,,,,,,,,,,,,,,,
墾丁福華渡假飯店,458,9672,0.6812,2750,26594473,9929611,38282253,117,71,0,127,315,,,,,,
Howard Beach Resort Kenting,,,,,,,,,,,,,,,,,,
東方渡假酒店,112,579,0.1668,3567,2065165,2015907,4081072,27,20,2,4,53,,,,,,
Dong Fang Du Jia Jiudian Hotel,,,,,,,,,,,,,,,,,,
知本老爺大酒店,182,3212,0.5693,3097,9946523,7241246,19557452,46,65,42,72,225,,,,,,
Hotel Royal Chihpen Spa,,,,,,,,,,,,,,,,,,
太魯閣晶英酒店,160,3517,0.7091,6538,22993016,8176796,34378835,58,41,31,33,163,,,,,,
"Silks Place Hotel, Taroko",,,,,,,,,,,,,,,,,,
福容大飯店 福隆,174,1663,0.3083,5375,8938141,5440722,14950133,33,42,16,42,133,,,,,,
Fulong Beach Resort Hotel,,,,,,,,,,,,,,,,,,
龍谷大飯店,189,1857,0.3169,1906,3539159,1963909,5816115,14,10,11,12,47,,,,,,
Dragon Valley Hotel,,,,,,,,,,,,,,,,,,
阿里山賓館,35,372,0.3429,4851,1804650,0,1804650,5,0,3,3,11,,,,,,
Alishan House,,,,,,,,,,,,,,,,,,
名都觀光渡假大飯店,99,423,0.1378,1651,698434,2446961,3298843,16,30,18,0,64,,,,,,
Beau Max Resort Hotel,,,,,,,,,,,,,,,,,,
阿里山賓館(新館),102,1746,0.5522,5046,8810939,4957100,14337059,50,45,19,16,130,,,,,,
Alishan House,,,,,,,,,,,,,,,,,,
墾丁怡灣渡假酒店,240,1594,0.2142,3399,5418300,491001,5929299,22,13,6,19,60,,,,,,
Grand Bay Resort,,,,,,,,,,,,,,,,,,
總計,2976,48387,0.5245,4606,222847195,118009743,367684816,850,933,358,641,2782,,,,,,
Total,,,,,,,,,,,,,,,,,,
,,,,,,,,,,,,,,,,,,
觀光旅館營運月報表單月-彙整表 (Monthly Report on Tourist Hotel Operations in Taiwan),,,,,,,,,,,,,,,,,,
列印日期：,43423,桃竹苗地區 TauHsiuMiao,,資料期間：,,2018年5月至2018年5月(Data for 2018/5∼2018/5),,,,,,,,,,,,
,住用及營收概況,,,,,各部門職工概況(No. of Employees),,,,,,,,,,,,
旅館名稱,客房數,客房住用數,住用率,平均房價,房租收入,餐飲收入,總營業收入,客房部,餐飲部,管理部,其他部門,員工合計,,,,,,
Hotel Name,No. of Rooms,No. of Rooms Occupied,Occupancy Rate,Average Room Rate,Room Revenue,F & B Revenue,Total Revenue,Room Dep.,F&B Dep.,Adm. Dep.,Other Dep.,Total,,,,,,
晶悅國際飯店(原桃園大飯店),388,5456,0.4536,1704,9299045,5477287,15743294,71,91,21,5,188,,,,,,
Pleasant Hotels International,,,,,,,,,,,,,,,,,,
尊爵天際大飯店,250,6599,0.8515,2315,15278518,32467576,48451982,40,146,22,15,223,,,,,,
Ｍonarch-Skyline Hotel,,,,,,,,,,,,,,,,,,
桃禧航空城酒店,187,2428,0.4188,1975,4795623,9112110,15058589,52,73,41,7,173,,,,,,
HOTEL ORCHARD PARK,,,,,,,,,,,,,,,,,,
南方莊園渡假飯店,111,1700,0.494,3932,6684849,11055006,24055367,32,93,36,44,205,,,,,,
South Gardens Resort,,,,,,,,,,,,,,,,,,
台北諾富特華航桃園機場飯店,516,11253,0.7035,2604,29299783,11820394,45499030,91,95,57,16,259,,,,,,
Novotel Taipei Taoyuan International Airport,,,,,,,,,,,,,,,,,,
新竹喜來登大飯店,386,9070,0.758,3906,35425629,36458529,82142106,95,177,28,99,399,,,,,,
Sheraton Hsinchu Hotel,,,,,,,,,,,,,,,,,,
新竹老爺大酒店,208,4609,0.7148,2909,13407583,12386070,27014502,51,92,50,9,202,,,,,,
Hotel Royal Hsinchu,,,,,,,,,,,,,,,,,,
新竹國賓大飯店,257,5642,0.7082,3042,17164227,34140678,56219646,105,193,41,17,356,,,,,,
The Ambassador Hotel Hsinchu,,,,,,,,,,,,,,,,,,
尊爵大飯店,231,4469,0.6241,2330,10411310,16883757,29419584,60,96,26,23,205,,,,,,
Monarch Plaza Hotel,,,,,,,,,,,,,,,,,,
古華花園飯店,255,5404,0.6836,2985,16130208,18367856,36670927,63,128,9,22,222,,,,,,
Hotel Kuva Chateau,,,,,,,,,,,,,,,,,,
福容大飯店 桃園,182,4105,0.7276,1926,7906493,4044429,12436145,26,30,7,10,73,,,,,,
Fullon Hotel Taoyuan,,,,,,,,,,,,,,,,,,
福容大飯店 林口,149,2989,0.6471,2553,7629821,2565013,10336115,30,28,13,0,71,,,,,,
Fullon Hotel Linkou,,,,,,,,,,,,,,,,,,
豐邑喜來登大飯店,384,2267,0.1904,3907,8856407,5178648,15251389,60,31,3,12,106,,,,,,
Sheraton Fongyi Hotel,,,,,,,,,,,,,,,,,,
苗栗兆品酒店,191,3785,0.6393,1743,6596156,3171294,10159653,35,34,27,0,96,,,,,,
Miaoli Maison De Chine,,,,,,,,,,,,,,,,,,
總計,3695,69776,0.6092,2707,188885652,203128647,428458329,811,1307,381,279,2778,,,,,,
Total,,,,,,,,,,,,,,,,,,
,,,,,,,,,,,,,,,,,,
觀光旅館營運月報表單月-彙整表 (Monthly Report on Tourist Hotel Operations in Taiwan),,,,,,,,,,,,,,,,,,
列印日期：,43423,其他地區 Other,,資料期間：,,2018年5月至2018年5月(Data for 2018/5∼2018/5),,,,,,,,,,,,
,住用及營收概況,,,,,各部門職工概況(No. of Employees),,,,,,,,,,,,
旅館名稱,客房數,客房住用數,住用率,平均房價,房租收入,餐飲收入,總營業收入,客房部,餐飲部,管理部,其他部門,員工合計,,,,,,
Hotel Name,No. of Rooms,No. of Rooms Occupied,Occupancy Rate,Average Room Rate,Room Revenue,F & B Revenue,Total Revenue,Room Dep.,F&B Dep.,Adm. Dep.,Other Dep.,Total,,,,,,
福容大飯店 淡水漁人碼頭,198,2033,0.3312,4600,9351776,14897547,25936941,47,97,33,12,189,,,,,,
Fullon Hotel Tamsui Fishermen’s Wharf,,,,,,,,,,,,,,,,,,
大板根渡假酒店,95,2295,0.7793,4405,10110317,10099251,29909886,20,57,5,118,200,,,,,,
The Great Roots Resort Hotel,,,,,,,,,,,,,,,,,,
板橋凱撒大飯店,400,3035,0.2448,3703,11238794,38353142,52366899,92,179,41,29,341,,,,,,
Caesar Park Hotel Banqiao,,,,,,,,,,,,,,,,,,
台南大飯店,152,2032,0.4312,2026,4117328,10997110,16551139,36,97,38,0,171,,,,,,
Hotel Tainan,,,,,,,,,,,,,,,,,,
大億麗緻酒店,315,7045,0.7215,2735,19268347,30412954,55222179,83,173,64,0,320,,,,,,
Tayih Landis Tainan,,,,,,,,,,,,,,,,,,
台糖長榮酒店(台南),197,4056,0.6642,2598,10538471,18583197,30441260,62,88,23,14,187,,,,,,
Evergreen Plaza Hotel(Tainan),,,,,,,,,,,,,,,,,,
香格里拉台南遠東國際大飯店,333,7739,0.7497,3171,24542411,24736544,55682972,134,218,75,22,449,,,,,,
"Shangri-La’s Far Eastern Plaza Hotel,Tainan",,,,,,,,,,,,,,,,,,
台南大員皇冠假日酒店,231,1692,0.2363,2824,4778356,14128101,20450720,45,113,70,10,238,,,,,,
CROWNE PLAZA TAINAN,,,,,,,,,,,,,,,,,,
義大皇家酒店,656,9710,0.4775,3013,29256230,19063079,51044857,91,183,108,101,483,,,,,,
E-DA Royal Hotel,,,,,,,,,,,,,,,,,,
蘭城晶英酒店,193,3295,0.5507,8618,28395099,27395889,62587674,57,194,34,41,326,,,,,,
Silks Place Yilan,,,,,,,,,,,,,,,,,,
長榮鳳凰酒店(礁溪),231,3280,0.458,5832,19130566,15492291,40558973,93,103,62,54,312,,,,,,
Evergreen Resort Hotel(Jiaosi),,,,,,,,,,,,,,,,,,
綠舞國際觀光飯店,104,642,0.1991,5113,3282308,2897008,6835371,31,42,46,21,140,,,,,,
Dancewoods Hotels and Resorts,,,,,,,,,,,,,,,,,,
麒麟大飯店,167,1211,0.2339,4389,5314653,1905375,7352403,50,25,15,9,99,,,,,,
Kilin Hotel,,,,,,,,,,,,,,,,,,
娜路彎大酒店,276,3685,0.4307,3138,11563747,11000495,24266025,90,49,40,29,208,,,,,,
Formosan Naruwan Hotel & Resort Taitung,,,,,,,,,,,,,,,,,,
澎湖福朋喜來登酒店,331,6420,0.6257,3102,19916485,17771972,41119266,59,61,56,9,185,,,,,,
Four Point by Sheraton Penghu,,,,,,,,,,,,,,,,,,
耐斯王子大飯店,245,4085,0.5379,2155,8804191,13961464,23900580,60,110,13,32,215,,,,,,
Nice Prince Hotel,,,,,,,,,,,,,,,,,,
和昇帝景飯店,60,1013,0.5446,1974,1999360,1800,2001160,5,3,3,4,15,,,,,,
lake.sunriseinn,,,,,,,,,,,,,,,,,,
瓏山林台北中和飯店,126,2401,0.6147,2507,6018657,4155258,11684934,33,48,19,9,109,,,,,,
RSL Hotel Taipei Zhonghe,,,,,,,,,,,,,,,,,,
碧特弗大飯店,54,626,0.374,2636,1650053,163401,1813454,12,11,4,4,31,,,,,,
Beautiful Hotel,,,,,,,,,,,,,,,,,,
美麗春天大飯店,34,398,0.3776,2640,1050525,216601,1267126,10,8,4,3,25,,,,,,
Beautiful Hotel,,,,,,,,,,,,,,,,,,
遠百企業觀光旅館,40,66,0.0532,1006,66400,0,66400,11,2,10,0,23,,,,,,
Far Eastem Geant Tourist Hotel,,,,,,,,,,,,,,,,,,
幼獅大飯店,53,425,0.2587,1169,497000,0,535900,3,0,2,3,8,,,,,,
Lion Hotel,,,,,,,,,,,,,,,,,,
山泉大飯店,167,2483,0.4796,1892,4697435,277128,5236382,36,14,6,0,56,,,,,,
Sun Spring Resort,,,,,,,,,,,,,,,,,,
悅川酒店,103,1420,0.4447,3369,4783680,4187266,9149953,31,33,25,0,89,,,,,,
The Walden,,,,,,,,,,,,,,,,,,
台東桂田喜來登酒店,290,2905,0.3231,3104,9017182,8919745,18768454,61,76,35,12,184,,,,,,
QUEENAPLAZA HOTEL TAITUNG,,,,,,,,,,,,,,,,,,
寶華大飯店,78,1466,0.6063,1891,2771797,88510,2862307,13,1,3,0,17,,,,,,
Bowa Hotel,,,,,,,,,,,,,,,,,,
長榮桂冠酒店(基隆),140,2612,0.6018,2348,6133417,5836148,14751717,30,19,13,5,67,,,,,,
Evergreen Laurel Hotel (Keelung),,,,,,,,,,,,,,,,,,
鈺通大飯店,120,1065,0.2863,1688,1797909,4946273,6782552,26,39,7,5,77,,,,,,
Yuh-Tong Hotel,,,,,,,,,,,,,,,,,,
陸島酒店,47,1061,0.7282,1372,1456123,159520,1879129,12,3,2,0,17,,,,,,
LUDAO HOTEL,,,,,,,,,,,,,,,,,,
總計,5436,80196,0.4759,3261,261548617,300647069,621026613,1333,2046,856,546,4781,,,,,,
Total,,,,,,,,,,,,,,,,,,
,,,,,,,,,,,,,,,,,,
,,,,,,,,,,,,,,,,,,
觀光旅館營運月報表單月-彙整表 (Monthly Report on Tourist Hotel Operations in Taiwan),,,,,,,,,,,,,,,,,,
列印日期：,,43423,,資料期間：,,2018年5月至2018年5月(Data for 2018/5∼2018/5),,,,,,,,,,,,
,,住客類別統計,,,各地區旅客人數統計,,,,,,,,,,,,,
,,No. of Guests by Type,,,No. of Guests by Country / Region,,,,,,,,,,,,,
地區名稱,,FIT類別,GROUP類別,類別合計,本國,大陸,日本,韓國,港澳,新加坡,馬來西亞,其他亞洲地區,北美,歐洲,紐澳,其他,華僑,合計
Region,,FIT,GROUP,Total,Domestic,China,Japan,Korea,HK & Macao,Singapore,Malaysia,Asia(Other Asia Region),North American,Europe,NZ & AU,Other,Chinese Overseas,Total
臺北地區 Taipei,國際Internation,201460,77313,278773,38427,40287,89597,13364,15682,10516,2717,13624,"33,146","12,906","3,210","4,953",344,"278,773"
臺北地區 Taipei,一般Standard,55210,29486,84696,9359,17783,25622,4477,8383,3441,895,4236,"4,777","3,273",922,"1,485",43,"84,696"
臺北地區 Taipei,小計SubTotal,256670,106799,363469,47786,58070,115219,17841,24065,13957,3612,17860,"37,923","16,179","4,132","6,438",387,"363,469"
高雄地區 Kaohsiung,國際Internation,42506,41632,84138,44527,13334,12937,1555,1809,760,566,1483,"2,604","2,198",441,"1,493",431,"84,138"
高雄地區 Kaohsiung,一般Standard,3252,7341,10593,8392,981,107,103,107,5,10,624,25,48,31,160,0,"10,593"
高雄地區 Kaohsiung,小計SubTotal,45758,48973,94731,52919,14315,13044,1658,1916,765,576,2107,"2,629","2,246",472,"1,653",431,"94,731"
臺中地區 Taichung,國際Internation,16730,10507,27237,15975,2916,3761,381,293,247,192,680,"1,157","1,298",91,246,0,"27,237"
臺中地區 Taichung,一般Standard,8837,1469,10306,6236,771,1213,224,118,80,79,310,426,763,49,37,0,"10,306"
臺中地區 Taichung,小計SubTotal,25567,11976,37543,22211,3687,4974,605,411,327,271,990,"1,583","2,061",140,283,0,"37,543"
花蓮地區 Hualien,國際Internation,18125,18186,36311,29307,4850,852,24,133,81,80,535,117,165,23,20,124,"36,311"
花蓮地區 Hualien,小計SubTotal,18125,18186,36311,29307,4850,852,24,133,81,80,535,117,165,23,20,124,"36,311"
風景區 Scenic Area,國際Internation,55450,48486,103936,88353,5922,1963,728,1640,392,84,654,"1,683","1,878",137,484,18,"103,936"
風景區 Scenic Area,一般Standard,6218,7813,14031,10262,702,186,30,72,65,20,31,46,59,4,"2,554",0,"14,031"
風景區 Scenic Area,小計SubTotal,61668,56299,117967,98615,6624,2149,758,1712,457,104,685,"1,729","1,937",141,"3,038",18,"117,967"
桃竹苗地區 TauHsiuMiao,國際Internation,45201,16300,61501,21034,6319,5300,5234,1125,930,493,5467,"8,056","3,709",208,"3,134",492,"61,501"
桃竹苗地區 TauHsiuMiao,一般Standard,20256,13184,33440,13595,2940,2811,4294,1431,505,220,1852,"2,494",920,207,"2,171",0,"33,440"
桃竹苗地區 TauHsiuMiao,小計SubTotal,65457,29484,94941,34629,9259,8111,9528,2556,1435,713,7319,"10,550","4,629",415,"5,305",492,"94,941"
其他地區 Other,國際Internation,67806,64903,132709,111311,7032,3969,432,1310,341,152,2620,"2,450","1,495",209,"1,388",0,"132,709"
其他地區 Other,一般Standard,15197,17666,32863,27120,2790,300,106,291,159,43,997,579,267,33,133,45,"32,863"
其他地區 Other,小計SubTotal,83003,82569,165572,138431,9822,4269,538,1601,500,195,3617,"3,029","1,762",242,"1,521",45,"165,572"
,總計 Total,556248,354286,910534,423898,106627,148618,30952,32394,17522,5551,33113,"57,560","28,979","5,565","18,258","1,497","910,534"
,,,,,,,,,,,,,,,,,,
,住客類別統計,,,各地區旅客人數統計,,,,,,,,,,,,,,
,No. of Guests by Type,,,No. of Guests by Country / Region,,,,,,,,,,,,,,
類別,FIT類別,GROUP類別,類別合計,本國,大陸,日本,韓國,港澳,新加坡,馬來西亞,其他亞洲地區,北美,歐洲,紐澳,其他,華僑,合計,
Kind,FIT,GROUP,Total,Domestic,China,Japan,Korea,HK & Macao,Singapore,Malaysia,Asia(Other Asia Region),North American,Europe,NZ & AU,Other,Chinese Overseas,Total,
國際Internation,447278,277327,724605,348934,80660,118379,21718,21992,13267,4284,25063,49213,"23,649","4,319","11,718","1,409","724,605",
一般Standard,108970,76959,185929,74964,25967,30239,9234,10402,4255,1267,8050,8347,"5,330","1,246","6,540",88,"185,929",
小計SubTotal,556248,354286,910534,423898,106627,148618,30952,32394,17522,5551,33113,57560,"28,979","5,565","18,258","1,497","910,534",
,,,,,,,,,,,,,,,,,,
觀光旅館營運月報表單月-彙整表 (Monthly Report on Tourist Hotel Operations in Taiwan),,,,,,,,,,,,,,,,,,
列印日期：,43423,臺北地區 Taipei,,資料期間：,,2018年5月至2018年5月(Data for 2018/5∼2018/5),,,,,,,,,,,,
,住客類別統計,,,各地區旅客人數統計,,,,,,,,,,,,,,
,No. of Guests by Type,,,No. of Guests by Country / Region,,,,,,,,,,,,,,
旅館名稱,FIT類別,GROUP類別,類別合計,本國,大陸,日本,韓國,港澳,新加坡,馬來西亞,其他亞洲地區,北美,歐洲,紐澳,其他,華僑,合計,
Hotel Name,FIT,GROUP,Total,Domestic,China,Japan,Korea,HK & Macao,Singapore,Malaysia,Asia(Other Asia Region),North American,Europe,NZ & AU,Other,Chinese Overseas,Total,
圓山大飯店,9073,6971,16044,2857,5425,4604,629,201,125,51,358,1042,490,152,110,0,"16,044",
The Grand Hotel,,,,,,,,,,,,,,,,,,
國賓大飯店,10182,3183,13365,726,502,10370,152,82,149,30,152,438,175,45,205,339,"13,365",
The Ambassador Hotel-Taipei,,,,,,,,,,,,,,,,,,
台北華國大飯店,5712,3843,9555,892,542,4391,404,330,267,6,29,416,"1,974",98,206,0,"9,555",
Imperial Hotel Taipei,,,,,,,,,,,,,,,,,,
華泰王子大飯店,2091,1394,3485,209,272,2518,18,103,141,13,110,70,14,7,5,5,"3,485",
GLORIA PRINCE HOTEL Taipei,,,,,,,,,,,,,,,,,,
國王大飯店,517,1208,1725,29,40,1620,7,0,0,15,0,5,3,6,0,0,"1,725",
Emperor Hotel,,,,,,,,,,,,,,,,,,
豪景大酒店,2527,5678,8205,277,3684,1251,837,501,681,104,674,52,51,93,0,0,"8,205",
Hotel Riverview Taipei,,,,,,,,,,,,,,,,,,
台北凱撒大飯店,18343,2014,20357,1924,1348,10761,1120,1841,995,179,1104,526,330,157,72,0,"20,357",
Caesar Park Taipei,,,,,,,,,,,,,,,,,,
康華大飯店,1076,4387,5463,337,700,3560,146,152,22,37,167,138,187,13,4,0,"5,463",
Golden China Hotel,,,,,,,,,,,,,,,,,,
神旺大飯店,9587,693,10280,2399,3086,1103,0,0,0,0,2060,1135,349,123,25,0,"10,280",
San Want Hotel,,,,,,,,,,,,,,,,,,
兄弟大飯店,3323,292,3615,795,404,1451,87,93,0,0,339,252,108,39,47,0,"3,615",
Brother Hotel,,,,,,,,,,,,,,,,,,
三德大飯店,6093,4954,11047,1157,3310,4663,292,532,191,62,179,175,98,14,374,0,"11,047",
Santos Hotel,,,,,,,,,,,,,,,,,,
亞都麗緻大飯店,5306,507,5813,1841,507,1928,48,345,104,76,206,331,355,66,6,0,"5,813",
The Landis Taipei Hotel,,,,,,,,,,,,,,,,,,
國聯大飯店,4523,3270,7793,3013,1173,768,304,723,262,171,389,478,368,100,44,0,"7,793",
United Hotel,,,,,,,,,,,,,,,,,,
台北寒舍喜來登大飯店,10991,7887,18878,1582,1827,5791,934,1182,1459,279,1228,3278,794,219,305,0,"18,878",
Sheraton Grand Taipei Hotel,,,,,,,,,,,,,,,,,,
老爺大酒店,8035,452,8487,592,169,6504,136,150,143,108,53,225,133,28,246,0,"8,487",
Hotel Royal-Nikko Taipei,,,,,,,,,,,,,,,,,,
福華大飯店,10239,1697,11936,2196,1666,2432,592,296,392,112,607,1752,"1,448",208,235,0,"11,936",
Howard Plaza Hotel,,,,,,,,,,,,,,,,,,
台北君悅酒店,19701,9834,29535,2708,3856,3538,2643,1768,876,435,2258,8844,"1,733",484,392,0,"29,535",
Grand Hyatt Taipei,,,,,,,,,,,,,,,,,,
晶華酒店,17891,3246,21137,4271,1701,10667,994,578,386,124,479,1187,553,89,108,0,"21,137",
Regent Taipei,,,,,,,,,,,,,,,,,,
西華大飯店,9155,2106,11261,1222,846,4257,454,818,470,77,310,1458,722,169,458,0,"11,261",
The Sherwood Hotel Taipei,,,,,,,,,,,,,,,,,,
香格里拉台北遠東國際大飯店,8268,3544,11812,1123,1841,1952,813,1552,801,204,475,2111,540,242,158,0,"11,812",
"Shangri-La's Far Eastern Plaza Hotel, Taipei",,,,,,,,,,,,,,,,,,
台北威斯汀六福皇宮,7303,877,8180,788,1140,730,511,370,447,188,272,1804,474,200,"1,256",0,"8,180",
The Westin Taipei,,,,,,,,,,,,,,,,,,
美麗信花園酒店,5055,3012,8067,1642,1771,2575,274,423,263,97,249,394,295,78,6,0,"8,067",
Miramar Garden Taipei,,,,,,,,,,,,,,,,,,
台北寒舍艾美酒店,4325,931,5256,1191,668,140,80,909,487,86,289,950,260,121,75,0,"5,256",
Le Meridien Taipei Hotel,,,,,,,,,,,,,,,,,,
台北W飯店,11977,2421,14398,1444,2582,952,591,1813,1277,106,893,3182,840,307,411,0,"14,398",
W Taipei,,,,,,,,,,,,,,,,,,
台北萬豪酒店,7936,2352,10288,2181,979,807,753,826,548,150,668,2678,453,130,115,0,"10,288",
Taipei Marriott Hotel,,,,,,,,,,,,,,,,,,
台北美福大飯店,2231,560,2791,1031,248,264,545,94,30,7,76,225,159,22,90,0,"2,791",
Grand Mayfull Hotel Taipei,,,,,,,,,,,,,,,,,,
亞士都飯店,371,159,530,245,26,233,0,9,0,0,3,14,0,0,0,0,530,
Astar Hotel,,,,,,,,,,,,,,,,,,
第一大飯店,320,5891,6211,504,3054,1219,28,47,337,10,123,167,116,2,604,0,"6,211",
First Hotel,,,,,,,,,,,,,,,,,,
六福客棧,4418,2091,6509,797,651,3391,257,636,0,0,284,207,18,2,266,0,"6,509",
The Leofoo Hotel,,,,,,,,,,,,,,,,,,
洛痐j飯店花華本館,356,3643,3999,304,72,2553,26,936,26,0,28,35,6,0,0,13,"3,999",
Flora Hotel Main,,,,,,,,,,,,,,,,,,
歐華酒店,1677,0,1677,156,190,584,24,23,26,16,270,191,168,26,3,0,"1,677",
The Riviera Hotel,,,,,,,,,,,,,,,,,,
慶泰大飯店,612,4557,5169,237,437,3661,73,0,0,0,360,44,151,24,152,30,"5,169",
Gala Hotel,,,,,,,,,,,,,,,,,,
天成大飯店,11780,675,12455,508,1112,5486,1424,1144,728,231,756,674,279,79,34,0,"12,455",
Cosmos Hotel TAIPEI,,,,,,,,,,,,,,,,,,
福容大飯店 台北一館,1717,1802,3519,895,1616,289,102,97,72,16,46,173,138,31,44,0,"3,519",
"Fullon Hotel Taipei,Central",,,,,,,,,,,,,,,,,,
首都大飯店,114,4485,4599,387,2258,1170,64,145,50,40,265,83,113,15,9,0,"4,599",
Capital Hotel,,,,,,,,,,,,,,,,,,
台北君品大酒店,8546,2072,10618,1007,1052,3729,851,1589,423,130,469,524,524,197,123,0,"10,618",
Palais De Chine Hotel Taipei,,,,,,,,,,,,,,,,,,
台北花園大酒店,8682,1923,10605,604,3447,2019,904,987,604,131,779,614,376,123,17,0,"10,605",
Taipei Garden Hotel,,,,,,,,,,,,,,,,,,
日勝生加賀屋國際溫泉飯店,1452,429,1881,889,326,266,16,253,50,11,4,41,15,10,0,0,"1,881",
Radium-Kagaya,,,,,,,,,,,,,,,,,,
北投麗禧溫泉酒店,1682,299,1981,661,458,89,197,311,40,10,39,74,74,20,8,0,"1,981",
Grand View Resort Beitou,,,,,,,,,,,,,,,,,,
寒舍艾麗酒店,6723,817,7540,932,1124,198,321,1326,593,204,656,900,963,280,43,0,"7,540",
Humble House Hotel Taipei,,,,,,,,,,,,,,,,,,
北投老爺酒店,1156,62,1218,467,248,89,0,237,0,0,0,44,29,7,97,0,"1,218",
Hotel Royal Beitou,,,,,,,,,,,,,,,,,,
台北有園飯店,657,243,900,195,409,55,22,83,27,12,21,24,18,9,25,0,900,
U HOTEL TAIPEI,,,,,,,,,,,,,,,,,,
量子酒店,1662,292,1954,288,989,56,11,216,53,7,49,98,140,47,0,0,"1,954",
S Hotel,,,,,,,,,,,,,,,,,,
台北中山雅樂軒酒店,3285,46,3331,283,314,535,157,344,412,77,84,870,145,50,60,0,"3,331",
Aloft Taipei Zhongshan,,,,,,,,,,,,,,,,,,
總計,256670,106799,363469,47786,58070,115219,17841,24065,13957,3612,17860,37923,"16,179","4,132","6,438",387,"363,469",
Total,,,,,,,,,,,,,,,,,,
,,,,,,,,,,,,,,,,,,
觀光旅館營運月報表單月-彙整表 (Monthly Report on Tourist Hotel Operations in Taiwan),,,,,,,,,,,,,,,,,,
列印日期：,43423,高雄地區 Kaohsiung,,資料期間：,,2018年5月至2018年5月(Data for 2018/5∼2018/5),,,,,,,,,,,,
,住客類別統計,,,各地區旅客人數統計,,,,,,,,,,,,,,
,No. of Guests by Type,,,No. of Guests by Country / Region,,,,,,,,,,,,,,
旅館名稱,FIT類別,GROUP類別,類別合計,本國,大陸,日本,韓國,港澳,新加坡,馬來西亞,其他亞洲地區,北美,歐洲,紐澳,其他,華僑,合計,
Hotel Name,FIT,GROUP,Total,Domestic,China,Japan,Korea,HK & Macao,Singapore,Malaysia,Asia(Other Asia Region),North American,Europe,NZ & AU,Other,Chinese Overseas,Total,
華王大飯店,2086,1734,3820,2390,53,612,113,31,54,41,166,72,284,4,0,0,"3,820",
Hotel Kingdom,,,,,,,,,,,,,,,,,,
華園大飯店,874,4142,5016,3116,588,546,125,152,71,59,99,187,69,4,0,0,"5,016",
Hotel Holiday Garden Kaohsiung,,,,,,,,,,,,,,,,,,
高雄國賓大飯店,6805,8335,15140,5936,3367,3194,454,860,113,204,206,206,341,33,226,0,"15,140",
The Ambassador Hotel Kaohsiung,,,,,,,,,,,,,,,,,,
漢來大飯店,9429,2793,12222,5055,1749,1718,0,0,0,0,287,1524,530,211,717,431,"12,222",
GRAND HI-LAI HOTEL,,,,,,,,,,,,,,,,,,
高雄福華大飯店,7132,3287,10419,4004,1596,2955,282,195,131,61,247,226,429,64,229,0,"10,419",
Howard Plaza Hotel Kaohsiung,,,,,,,,,,,,,,,,,,
君鴻國際酒店,7109,10423,17532,11783,2628,1255,427,233,214,93,217,259,219,100,104,0,"17,532",
85 SKY TOWER HOTEL,,,,,,,,,,,,,,,,,,
寒軒國際大飯店,5009,9414,14423,9662,2137,1727,154,120,79,64,176,106,169,13,16,0,"14,423",
Han-Hsien lnternational Hotel,,,,,,,,,,,,,,,,,,
麗尊大酒店,4062,1504,5566,2581,1216,930,0,218,98,44,85,24,157,12,201,0,"5,566",
The Lees Hotel,,,,,,,,,,,,,,,,,,
晶英國際行館,610,121,731,505,60,8,20,43,4,4,7,5,36,18,21,0,731,
Silks Club,,,,,,,,,,,,,,,,,,
福容大飯店 高雄,2642,7220,9862,7887,921,99,83,64,1,6,617,20,12,13,139,0,"9,862",
Fullon Hotel Kaohsiung,,,,,,,,,,,,,,,,,,
總計,45758,48973,94731,52919,14315,13044,1658,1916,765,576,2107,2629,"2,246",472,"1,653",431,"94,731",
Total,,,,,,,,,,,,,,,,,,
,,,,,,,,,,,,,,,,,,
觀光旅館營運月報表單月-彙整表 (Monthly Report on Tourist Hotel Operations in Taiwan),,,,,,,,,,,,,,,,,,
列印日期：,43423,臺中地區 Taichung,,資料期間：,,2018年5月至2018年5月(Data for 2018/5∼2018/5),,,,,,,,,,,,
,住客類別統計,,,各地區旅客人數統計,,,,,,,,,,,,,,
,No. of Guests by Type,,,No. of Guests by Country / Region,,,,,,,,,,,,,,
旅館名稱,FIT類別,GROUP類別,類別合計,本國,大陸,日本,韓國,港澳,新加坡,馬來西亞,其他亞洲地區,北美,歐洲,紐澳,其他,華僑,合計,
Hotel Name,FIT,GROUP,Total,Domestic,China,Japan,Korea,HK & Macao,Singapore,Malaysia,Asia(Other Asia Region),North American,Europe,NZ & AU,Other,Chinese Overseas,Total,
全國大飯店,3074,1295,4369,2463,272,1239,41,34,21,20,38,88,132,13,8,0,"4,369",
Hotel National,,,,,,,,,,,,,,,,,,
通豪大飯店,492,3066,3558,3400,51,44,5,14,4,14,8,18,0,0,0,0,"3,558",
Plaza International Hotel,,,,,,,,,,,,,,,,,,
長榮桂冠酒店(台中),5455,2259,7714,3705,970,1104,104,85,111,52,151,453,783,45,151,0,"7,714",
Evergreen Laurel Hotel (Taichung),,,,,,,,,,,,,,,,,,
台中福華大飯店,2765,577,3342,1815,346,489,68,36,47,48,0,271,206,16,0,0,"3,342",
Howard Prince Hotel Taichung,,,,,,,,,,,,,,,,,,
台中金典酒店,4944,3310,8254,4592,1277,885,163,124,64,58,483,327,177,17,87,0,"8,254",
The Splendor Hotel Taichung,,,,,,,,,,,,,,,,,,
裕元花園酒店,4346,310,4656,2767,365,241,141,82,34,57,174,362,381,23,29,0,"4,656",
Windsor Hotel,,,,,,,,,,,,,,,,,,
台中港酒店,4491,1159,5650,3469,406,972,83,36,46,22,136,64,382,26,8,0,"5,650",
Taichung Harbor Hotel,,,,,,,,,,,,,,,,,,
總計,25567,11976,37543,22211,3687,4974,605,411,327,271,990,1583,"2,061",140,283,0,"37,543",
Total,,,,,,,,,,,,,,,,,,
,,,,,,,,,,,,,,,,,,
觀光旅館營運月報表單月-彙整表 (Monthly Report on Tourist Hotel Operations in Taiwan),,,,,,,,,,,,,,,,,,
列印日期：,43423,花蓮地區 Hualien,,資料期間：,,2018年5月至2018年5月(Data for 2018/5∼2018/5),,,,,,,,,,,,
,住客類別統計,,,各地區旅客人數統計,,,,,,,,,,,,,,
,No. of Guests by Type,,,No. of Guests by Country / Region,,,,,,,,,,,,,,
旅館名稱,FIT類別,GROUP類別,類別合計,本國,大陸,日本,韓國,港澳,新加坡,馬來西亞,其他亞洲地區,北美,歐洲,紐澳,其他,華僑,合計,
Hotel Name,FIT,GROUP,Total,Domestic,China,Japan,Korea,HK & Macao,Singapore,Malaysia,Asia(Other Asia Region),North American,Europe,NZ & AU,Other,Chinese Overseas,Total,
花蓮亞士都飯店,895,1916,2811,1782,703,224,0,0,0,0,0,0,6,0,0,96,"2,811",
Astar Hotel,,,,,,,,,,,,,,,,,,
花蓮翰品酒店,6207,3337,9544,8144,445,305,0,115,69,79,230,40,98,19,0,0,"9,544",
Hualien Chateau de Chine Hotel,,,,,,,,,,,,,,,,,,
美侖大飯店,5049,8571,13620,9575,3377,303,0,0,0,0,267,54,12,4,0,28,"13,620",
Parkview Hotel,,,,,,,,,,,,,,,,,,
遠雄悅來大飯店,5974,4362,10336,9806,325,20,24,18,12,1,38,23,49,0,20,0,"10,336",
"Farglory Hotel, Hualien",,,,,,,,,,,,,,,,,,
總計,18125,18186,36311,29307,4850,852,24,133,81,80,535,117,165,23,20,124,"36,311",
Total,,,,,,,,,,,,,,,,,,
,,,,,,,,,,,,,,,,,,
觀光旅館營運月報表單月-彙整表 (Monthly Report on Tourist Hotel Operations in Taiwan),,,,,,,,,,,,,,,,,,
列印日期：,43423,風景區 Scenic Area,,資料期間：,,2018年5月至2018年5月(Data for 2018/5∼2018/5),,,,,,,,,,,,
,住客類別統計,,,各地區旅客人數統計,,,,,,,,,,,,,,
,No. of Guests by Type,,,No. of Guests by Country / Region,,,,,,,,,,,,,,
旅館名稱,FIT類別,GROUP類別,類別合計,本國,大陸,日本,韓國,港澳,新加坡,馬來西亞,其他亞洲地區,北美,歐洲,紐澳,其他,華僑,合計,
Hotel Name,FIT,GROUP,Total,Domestic,China,Japan,Korea,HK & Macao,Singapore,Malaysia,Asia(Other Asia Region),North American,Europe,NZ & AU,Other,Chinese Overseas,Total,
陽明山中國麗緻大飯店,779,0,779,347,29,14,0,0,0,0,63,15,2,0,291,18,779,
Hotel Landis China Yangmingshan,,,,,,,,,,,,,,,,,,
趣淘漫旅,2349,6110,8459,8459,0,0,0,0,0,0,0,0,0,0,0,0,"8,459",
HOTEL CHAM CHAM,,,,,,,,,,,,,,,,,,
高雄圓山大飯店,1158,2224,3382,2312,450,435,31,20,6,18,27,64,19,0,0,0,"3,382",
Grand Hotel Kaohsiung,,,,,,,,,,,,,,,,,,
礁溪老爺大酒店,7120,1668,8788,8020,230,72,28,160,41,14,7,150,44,10,12,0,"8,788",
Hotel Royal Chiao-His,,,,,,,,,,,,,,,,,,
涵碧樓大飯店,3063,1501,4564,3055,265,424,77,47,56,34,78,310,119,64,35,0,"4,564",
The Lalu Sun Moon Lake,,,,,,,,,,,,,,,,,,
雲品溫泉酒店日月潭,4159,7246,11405,9515,198,295,10,595,73,6,130,358,119,18,88,0,"11,405",
Fleur De Chine Hotel,,,,,,,,,,,,,,,,,,
日月行館,1348,247,1595,1421,90,15,0,11,0,0,11,16,16,15,0,0,"1,595",
Wen Wan Hotel & Resorts,,,,,,,,,,,,,,,,,,
凱撒大飯店,11830,6703,18533,14598,2256,325,283,318,20,0,58,285,369,0,21,0,"18,533",
Caesar Park Hotel Kenting,,,,,,,,,,,,,,,,,,
墾丁福華渡假飯店,11492,15871,27363,23664,2238,269,299,324,8,10,44,196,287,0,24,0,"27,363",
Howard Beach Resort Kenting,,,,,,,,,,,,,,,,,,
東方渡假酒店,1055,864,1919,1903,6,2,0,6,0,0,0,2,0,0,0,0,"1,919",
Dong Fang Du Jia Jiudian Hotel,,,,,,,,,,,,,,,,,,
知本老爺大酒店,3739,3477,7216,6273,104,42,0,159,188,2,30,25,376,4,13,0,"7,216",
Hotel Royal Chihpen Spa,,,,,,,,,,,,,,,,,,
太魯閣晶英酒店,7358,2575,9933,8786,56,70,0,0,0,0,206,262,527,26,0,0,"9,933",
"Silks Place Hotel, Taroko",,,,,,,,,,,,,,,,,,
福容大飯店 福隆,1002,661,1663,1633,10,2,2,2,0,0,0,4,10,0,0,0,"1,663",
Fulong Beach Resort Hotel,,,,,,,,,,,,,,,,,,
龍谷大飯店,541,3409,3950,3944,0,0,0,6,0,0,0,0,0,0,0,0,"3,950",
Dragon Valley Hotel,,,,,,,,,,,,,,,,,,
阿里山賓館,532,229,761,546,60,31,4,11,11,3,5,7,8,1,74,0,761,
Alishan House,,,,,,,,,,,,,,,,,,
名都觀光渡假大飯店,148,805,953,613,340,0,0,0,0,0,0,0,0,0,0,0,953,
Beau Max Resort Hotel,,,,,,,,,,,,,,,,,,
阿里山賓館(新館),2591,1110,3701,2663,291,151,20,53,54,17,26,33,37,3,353,0,"3,701",
Alishan House,,,,,,,,,,,,,,,,,,
墾丁怡灣渡假酒店,1404,1599,3003,863,1,2,4,0,0,0,0,2,4,0,"2,127",0,"3,003",
Grand Bay Resort,,,,,,,,,,,,,,,,,,
總計,61668,56299,117967,98615,6624,2149,758,1712,457,104,685,1729,"1,937",141,"3,038",18,"117,967",
Total,,,,,,,,,,,,,,,,,,
,,,,,,,,,,,,,,,,,,
觀光旅館營運月報表單月-彙整表 (Monthly Report on Tourist Hotel Operations in Taiwan),,,,,,,,,,,,,,,,,,
列印日期：,43423,桃竹苗地區 TauHsiuMiao,,資料期間：,,2018年5月至2018年5月(Data for 2018/5∼2018/5),,,,,,,,,,,,
,住客類別統計,,,各地區旅客人數統計,,,,,,,,,,,,,,
,No. of Guests by Type,,,No. of Guests by Country / Region,,,,,,,,,,,,,,
旅館名稱,FIT類別,GROUP類別,類別合計,本國,大陸,日本,韓國,港澳,新加坡,馬來西亞,其他亞洲地區,北美,歐洲,紐澳,其他,華僑,合計,
Hotel Name,FIT,GROUP,Total,Domestic,China,Japan,Korea,HK & Macao,Singapore,Malaysia,Asia(Other Asia Region),North American,Europe,NZ & AU,Other,Chinese Overseas,Total,
晶悅國際飯店(原桃園大飯店),1328,5399,6727,3291,1583,175,822,394,0,0,30,18,20,0,0,394,"6,727",
Pleasant Hotels International,,,,,,,,,,,,,,,,,,
尊爵天際大飯店,5293,3244,8537,263,816,276,2855,0,0,0,1478,318,264,14,"2,184",69,"8,537",
Ｍonarch-Skyline Hotel,,,,,,,,,,,,,,,,,,
桃禧航空城酒店,3008,1496,4504,2361,1109,144,153,51,50,74,189,187,158,15,13,0,"4,504",
HOTEL ORCHARD PARK,,,,,,,,,,,,,,,,,,
南方莊園渡假飯店,1498,2534,4032,3232,0,22,26,0,0,0,98,9,5,0,611,29,"4,032",
South Gardens Resort,,,,,,,,,,,,,,,,,,
台北諾富特華航桃園機場飯店,13171,1343,14514,4511,431,2958,272,460,189,151,2449,2000,880,119,94,0,"14,514",
Novotel Taipei Taoyuan International Airport,,,,,,,,,,,,,,,,,,
新竹喜來登大飯店,9618,906,10524,2896,995,279,537,74,404,86,638,3779,761,17,58,0,"10,524",
Sheraton Hsinchu Hotel,,,,,,,,,,,,,,,,,,
新竹老爺大酒店,5030,811,5841,2231,810,1018,202,47,115,47,174,641,391,16,149,0,"5,841",
Hotel Royal Hsinchu,,,,,,,,,,,,,,,,,,
新竹國賓大飯店,6255,567,6822,2249,575,428,367,99,172,135,411,1104,"1,230",27,25,0,"6,822",
The Ambassador Hotel Hsinchu,,,,,,,,,,,,,,,,,,
尊爵大飯店,1754,2872,4626,259,379,1326,676,120,47,39,1133,266,98,35,248,0,"4,626",
Monarch Plaza Hotel,,,,,,,,,,,,,,,,,,
古華花園飯店,6866,1071,7937,2750,1166,598,525,212,195,80,135,801,320,138,"1,017",0,"7,937",
Hotel Kuva Chateau,,,,,,,,,,,,,,,,,,
福容大飯店 桃園,3494,2104,5598,769,473,287,1981,938,68,23,95,124,93,8,739,0,"5,598",
Fullon Hotel Taoyuan,,,,,,,,,,,,,,,,,,
福容大飯店 林口,3187,1174,4361,1299,573,447,962,86,58,57,315,267,138,22,137,0,"4,361",
Fullon Hotel Linkou,,,,,,,,,,,,,,,,,,
豐邑喜來登大飯店,2405,226,2631,724,252,70,134,18,101,21,159,945,190,4,13,0,"2,631",
Sheraton Fongyi Hotel,,,,,,,,,,,,,,,,,,
苗栗兆品酒店,2550,5737,8287,7794,97,83,16,57,36,0,15,91,81,0,17,0,"8,287",
Miaoli Maison De Chine,,,,,,,,,,,,,,,,,,
總計,65457,29484,94941,34629,9259,8111,9528,2556,1435,713,7319,10550,"4,629",415,"5,305",492,"94,941",
Total,,,,,,,,,,,,,,,,,,
,,,,,,,,,,,,,,,,,,
觀光旅館營運月報表單月-彙整表 (Monthly Report on Tourist Hotel Operations in Taiwan),,,,,,,,,,,,,,,,,,
列印日期：,43423,其他地區 Other,,資料期間：,,2018年5月至2018年5月(Data for 2018/5∼2018/5),,,,,,,,,,,,
,住客類別統計,,,各地區旅客人數統計,,,,,,,,,,,,,,
,No. of Guests by Type,,,No. of Guests by Country / Region,,,,,,,,,,,,,,
旅館名稱,FIT類別,GROUP類別,類別合計,本國,大陸,日本,韓國,港澳,新加坡,馬來西亞,其他亞洲地區,北美,歐洲,紐澳,其他,華僑,合計,
Hotel Name,FIT,GROUP,Total,Domestic,China,Japan,Korea,HK & Macao,Singapore,Malaysia,Asia(Other Asia Region),North American,Europe,NZ & AU,Other,Chinese Overseas,Total,
福容大飯店 淡水漁人碼頭,2496,2335,4831,4141,37,26,20,10,30,0,11,10,0,0,546,0,"4,831",
Fullon Hotel Tamsui Fishermen’s Wharf,,,,,,,,,,,,,,,,,,
大板根渡假酒店,2066,4819,6885,6874,0,0,0,11,0,0,0,0,0,0,0,0,"6,885",
The Great Roots Resort Hotel,,,,,,,,,,,,,,,,,,
板橋凱撒大飯店,2335,700,3035,1304,439,139,0,0,0,0,722,191,167,40,33,0,"3,035",
Caesar Park Hotel Banqiao,,,,,,,,,,,,,,,,,,
台南大飯店,2850,581,3431,1969,297,806,0,0,0,0,164,64,76,12,43,0,"3,431",
Hotel Tainan,,,,,,,,,,,,,,,,,,
大億麗緻酒店,4884,7942,12826,9186,1407,1118,96,131,89,73,90,310,222,11,93,0,"12,826",
Tayih Landis Tainan,,,,,,,,,,,,,,,,,,
台糖長榮酒店(台南),6352,1777,8129,6458,485,422,0,0,0,0,409,242,98,15,0,0,"8,129",
Evergreen Plaza Hotel(Tainan),,,,,,,,,,,,,,,,,,
香格里拉台南遠東國際大飯店,9710,1527,11237,6303,1054,1105,0,0,0,0,830,974,851,50,70,0,"11,237",
"Shangri-La’s Far Eastern Plaza Hotel,Tainan",,,,,,,,,,,,,,,,,,
台南大員皇冠假日酒店,2757,806,3563,3000,165,44,0,75,16,0,0,121,0,0,142,0,"3,563",
CROWNE PLAZA TAINAN,,,,,,,,,,,,,,,,,,
義大皇家酒店,8318,15957,24275,23325,323,29,96,217,46,48,86,64,14,21,6,0,"24,275",
E-DA Royal Hotel,,,,,,,,,,,,,,,,,,
蘭城晶英酒店,10298,1166,11464,10530,57,14,0,643,63,12,2,83,24,36,0,0,"11,464",
Silks Place Yilan,,,,,,,,,,,,,,,,,,
長榮鳳凰酒店(礁溪),4313,3327,7640,6964,336,21,79,164,5,9,4,53,5,0,0,0,"7,640",
Evergreen Resort Hotel(Jiaosi),,,,,,,,,,,,,,,,,,
綠舞國際觀光飯店,677,1016,1693,1683,2,0,0,6,0,0,0,2,0,0,0,0,"1,693",
Dancewoods Hotels and Resorts,,,,,,,,,,,,,,,,,,
麒麟大飯店,456,2337,2793,2612,34,29,98,12,0,0,6,2,0,0,0,0,"2,793",
Kilin Hotel,,,,,,,,,,,,,,,,,,
娜路彎大酒店,2106,5303,7409,6040,856,64,0,10,0,0,44,14,0,0,381,0,"7,409",
Formosan Naruwan Hotel & Resort Taitung,,,,,,,,,,,,,,,,,,
澎湖福朋喜來登酒店,6229,8292,14521,14027,50,28,8,20,2,4,124,258,0,0,0,0,"14,521",
Four Point by Sheraton Penghu,,,,,,,,,,,,,,,,,,
耐斯王子大飯店,1959,7018,8977,6895,1490,124,35,11,90,6,128,62,38,24,74,0,"8,977",
Nice Prince Hotel,,,,,,,,,,,,,,,,,,
和昇帝景飯店,1013,0,1013,950,33,3,5,0,0,3,15,0,4,0,0,0,"1,013",
lake.sunriseinn,,,,,,,,,,,,,,,,,,
瓏山林台北中和飯店,3112,294,3406,1758,292,183,91,191,124,28,72,440,177,27,23,0,"3,406",
RSL Hotel Taipei Zhonghe,,,,,,,,,,,,,,,,,,
碧特弗大飯店,460,535,995,712,196,10,4,26,8,7,11,9,2,0,4,6,995,
Beautiful Hotel,,,,,,,,,,,,,,,,,,
美麗春天大飯店,348,250,598,513,21,8,2,20,2,3,7,3,2,0,9,8,598,
Beautiful Hotel,,,,,,,,,,,,,,,,,,
遠百企業觀光旅館,66,0,66,66,0,0,0,0,0,0,0,0,0,0,0,0,66,
Far Eastem Geant Tourist Hotel,,,,,,,,,,,,,,,,,,
幼獅大飯店,113,125,238,235,2,1,0,0,0,0,0,0,0,0,0,0,238,
Lion Hotel,,,,,,,,,,,,,,,,,,
山泉大飯店,172,5127,5299,3940,1020,0,0,0,0,0,292,0,0,0,47,0,"5,299",
Sun Spring Resort,,,,,,,,,,,,,,,,,,
悅川酒店,3072,1111,4183,4136,15,2,4,12,0,0,0,6,8,0,0,0,"4,183",
The Walden,,,,,,,,,,,,,,,,,,
台東桂田喜來登酒店,2582,3614,6196,5753,231,26,0,18,25,2,23,69,23,4,22,0,"6,196",
QUEENAPLAZA HOTEL TAITUNG,,,,,,,,,,,,,,,,,,
寶華大飯店,428,1402,1830,1815,0,1,0,12,0,0,0,0,2,0,0,0,"1,830",
Bowa Hotel,,,,,,,,,,,,,,,,,,
長榮桂冠酒店(基隆),3102,2299,5401,5005,185,47,0,0,0,0,21,44,49,2,17,31,"5,401",
Evergreen Laurel Hotel (Keelung),,,,,,,,,,,,,,,,,,
鈺通大飯店,546,1098,1644,860,189,19,0,12,0,0,556,8,0,0,0,0,"1,644",
Yuh-Tong Hotel,,,,,,,,,,,,,,,,,,
陸島酒店,183,1811,1994,1377,606,0,0,0,0,0,0,0,0,0,11,0,"1,994",
LUDAO HOTEL,,,,,,,,,,,,,,,,,,
總計,83003,82569,165572,138431,9822,4269,538,1601,500,195,3617,3029,"1,762",242,"1,521",45,"165,572",
Total,,,,,,,,,,,,,,,,,,
